date,strategy_return,benchmark_return,signal_date,entry_date,strategy_equity,benchmark_equity
2024-05-14,0.005043193476323288,0.004588134306342306,2024-05-10,2024-05-13,1.0050431934763233,1.0045881343063423
2024-05-15,0.017918839920918916,0.012382907595902548,2024-05-10,2024-05-13,1.0230524015738347,1.0170278563453978
2024-05-16,-0.001431873553706886,-0.0020574269229312048,2024-05-10,2024-05-13,1.0215875198959647,1.014935395852382
2024-05-17,-0.009961899048010148,0.0014376336953807467,2024-05-10,2024-05-13,1.0114105681540542,1.016394501176094
2024-05-20,0.01244063863260203,0.0011520457077323076,2024-05-10,2024-05-13,1.0239931615416535,1.0175654340985367
2024-05-21,0.003196924097194964,0.002452651928423144,2024-05-10,2024-05-13,1.0272667899551489,1.0200611679227751
2024-05-22,-0.0022854441516518276,-0.0028794097727675716,2024-05-10,2024-05-13,1.0249190290778598,1.0171239938270376
2024-05-23,0.046598208046329304,-0.00730415463251366,2024-05-10,2024-05-13,1.072678419225472,1.009694762895685
2024-05-24,0.01286139995160862,0.006616271582376543,2024-05-10,2024-05-13,1.0864745653945902,1.016375177662306
2024-05-28,0.03490211500702467,0.0006989635288412455,2024-05-10,2024-05-13,1.1243948256281993,1.0170855868431115
2024-05-29,0.0040561468140035695,-0.007002690056326477,2024-05-10,2024-05-13,1.1289555361178532,1.0099632517176922
2024-05-30,-0.01883295229650228,-0.006633586180588291,2024-05-10,2024-05-13,1.1076939703612734,1.0032635734481956
2024-05-31,-0.003923099837460919,0.009108076740431903,2024-05-10,2024-05-13,1.1033483763261926,1.0124013750660417
2024-06-03,0.02447706095206481,0.000815398053666927,2024-05-10,2024-05-13,1.1303551017848905,1.0132268851768003
2024-06-04,0.006247819001900967,0.00111774169742751,2024-05-10,2024-05-13,1.137417355868718,1.014359411115317
2024-06-05,0.025778008172938294,0.01188504989316641,2024-05-10,2024-05-13,1.1667377097643434,1.0264151233260252
2024-06-06,-0.0058886532331683394,-1.8592350896406984e-05,2024-05-10,2024-05-13,1.1598671959774802,1.026396039855887
2024-06-07,-0.00045455964967677787,-0.0012154244543072235,2024-05-10,2024-05-13,1.159339967151205,1.025148533009242
2024-06-10,0.0037306861319030826,0.003089792235443811,2024-05-10,2024-05-13,1.163665100688817,1.0283160289867106
2024-06-11,-0.0035719313482159842,0.00240810239150524,2024-05-10,2024-05-13,1.1595085688368416,1.0307923192753368
2024-06-12,0.017740407223887922,0.008213079681904878,2024-05-10,2024-05-13,1.1800787230275946,1.0392582987290406
2024-06-13,0.01761182346017831,0.002013301672693091,2024-05-10,2024-05-13,1.2008620611666694,1.041350639200232
2024-06-14,0.00875709818119541,0.000608551251541023,2024-05-10,2024-05-13,1.2113781281383784,1.0419843544350105
2024-06-17,-0.0034121941402681655,0.007958649211253555,2024-05-10,2024-05-13,1.2072446707878957,1.0502771423955732
2024-06-18,0.017559855049710582,0.002541048631666598,2024-05-10,2024-05-13,1.2284437122164666,1.0529459476911283
2024-06-20,-0.017701716276203983,-0.00271664481541789,2024-05-10,2024-05-13,1.206698150161524,1.050085467541418
2024-06-21,-0.0160957289456915,-0.0013408204092730802,2024-05-10,2024-05-13,1.1872754638172567,1.0486774915150574
2024-06-24,-0.0334202519909344,-0.003250513025056634,2024-05-10,2024-05-13,1.1475964186338306,1.045268751669804
2024-06-25,0.03378215151990649,0.0038509636422781046,2024-05-10,2024-05-13,1.1863646947318205,1.0492940436288938
2024-06-26,0.0012292885030817935,0.001248037323762441,2024-05-10,2024-05-13,1.1878230792115165,1.0506036017589442
2024-06-27,-0.00953327868601006,0.0015762949369151347,2024-05-10,2024-05-13,1.1764992307677185,1.0522596628971017
2024-06-28,-0.0018146632696751652,-0.003934877537230652,2024-05-10,2024-05-13,1.174364280826843,1.048119149986234
2024-07-01,0.003075935732662294,0.0020578883736119824,2024-05-10,2024-05-13,1.1779765498814008,1.0502760621991507
2024-07-02,-0.006556705381433214,0.006729854689488501,2024-05-10,2024-05-13,1.1702529046975911,1.0573442674815992
2024-07-03,0.022866177491252193,0.0044626316745368655,2024-05-10,2024-05-13,1.1970121153260598,1.0620628055005525
2024-07-05,-0.009549345190818515,0.005766470326189266,2024-05-10,2024-05-13,1.1855814334392194,1.0681871591530208
2024-07-08,0.00941740846424799,0.0011539402339857396,2024-05-10,2024-05-13,1.196746538065545,1.0694197832933943
2024-07-09,0.012402553280875916,0.0009724797762926674,2024-05-10,2024-05-13,1.211589250767607,1.0704597724050144
2024-07-10,0.013434335300455902,0.009895080949662294,2024-05-10,2024-05-13,1.2278661470088472,1.0810520585063192
2024-07-11,-0.02783344207816002,-0.00862239232945372,2024-05-10,2024-05-13,1.1936904057263429,1.0717308035293143
2024-07-12,0.0072213726051157945,0.00630754403454814,2024-05-10,2024-05-13,1.2023104889212446,1.078490792765757
2024-07-15,-0.0030949854538105392,0.0027500089307683773,2024-05-10,2024-05-13,1.1985893554470695,1.0814566520776143
2024-07-16,-0.008097183916871531,0.005930192553132541,2024-05-10,2024-05-13,1.18888415699521,1.0878698982623007
2024-07-17,-0.03311971884969667,-0.01402117447015827,2024-05-10,2024-05-13,1.14950864797067,1.0726166846179317
2024-07-18,0.013136695159205458,-0.007684925119563979,2024-05-10,2024-05-13,1.1646093926619312,1.0643737057146478
2024-07-19,-0.0130480870416263,-0.006640492151253841,2024-05-10,2024-05-13,1.1494134679369827,1.0573057404758488
2024-07-22,0.023785277962173446,0.01030981082560789,2024-05-10,2024-05-13,1.1767525867653297,1.068206362644984
2024-07-23,-0.0038449273891089653,-0.0015685215257669194,2024-05-10,2024-05-13,1.1722280585142708,1.0665308579712143
2024-07-24,-0.034015837242126146,-0.02266248082266531,2024-05-10,2024-05-13,1.1323537396651957,1.0423606228556608
2024-07-25,-0.008621364669311182,-0.005210392136385078,2024-05-10,2024-05-13,1.1225913051408838,1.0369295152630562
2024-07-26,0.0034734286751310073,0.01119971183544255,2024-05-10,2024-05-13,1.126490545970613,1.0485428270276675
2024-07-29,-0.006501007064677045,0.000587779587347903,2024-05-10,2024-05-13,1.1191672229729661,1.0491591390978545
2024-07-30,-0.035218196524793466,-0.005066463587138137,2024-05-10,2024-05-13,1.0797521717701968,1.0438436125225021
2024-07-31,0.0640605285857232,0.01625470055299938,2024-05-10,2024-05-13,1.148921666635378,1.0608109778682164
2024-08-01,-0.033370365893742426,-0.01416102580487788,2024-05-10,2024-05-13,1.110581730236507,1.0457888062365268
2024-08-02,-0.008881966166774113,-0.018618386879309612,2024-05-10,2024-05-13,1.1007175808831091,1.0263179056479639
2024-08-05,-0.031788900798295494,-0.029123758901492658,2024-05-10,2024-05-13,1.0657269788974761,0.9964276704075877
2024-08-06,0.018914898496470878,0.009219646126127357,2024-05-10,2024-05-13,1.0858850965282725,1.0056143809190272
2024-08-07,-0.025611575677026044,-0.006684115095178189,2024-05-10,2024-05-13,1.058073868201984,0.9988927386555981
2024-08-08,0.030633968002828804,0.02311725583104063,2024-05-10,2024-05-13,1.0904868692251128,1.0219843976428684
2024-08-09,-0.0010479204549040944,0.004409753718971787,2024-05-10,2024-05-13,1.0893441257290475,1.0264910971411052
