strategy,ticker,entry_date,entry_price,entry_shares,entry_value,entry_commission,exit_date,exit_price,exit_value,exit_commission,holding_days,pnl_usd,pnl_pct,total_commissions
APPROACH_B,LLY,2022-02-14,227.36849975585938,2.6388879754418917,600.0,1.6,2022-02-25,243.02439880371094,641.3141637421077,1.6413141637421078,11,38.07284957836555,6.328598666616614,3.241314163742108
APPROACH_B,WMT,2022-02-14,42.46644973754883,14.128800587478358,600.0,1.6,2022-03-04,45.27853775024414,639.7314307658104,1.6397314307658104,18,36.491699335044586,6.065774490532677,3.2397314307658105
APPROACH_B,CAT,2022-02-14,186.4584503173828,3.2178750760756714,600.0,1.6,2022-03-11,200.39456176757812,644.8446656929963,1.6448446656929963,25,41.59982102730328,6.914863867570359,3.2448446656929963
APPROACH_B,GOOGL,2022-03-11,145.52450561523438,4.123016927378507,599.9999999999999,1.6,2022-03-17,157.23899841308594,648.2990521011956,1.6482990521011955,6,45.05075304909451,7.48848953608619,3.2482990521011956
APPROACH_B,NVDA,2022-02-14,24.221433639526367,24.771448665238157,600.0,1.6,2022-03-18,26.407821655273438,654.1599984943705,1.6541599984943705,32,50.90583849587608,8.461741771255998,3.2541599984943703
APPROACH_B,TMO,2022-02-14,555.3973999023438,1.0803075421409944,600.0,1.6,2022-03-18,583.3359985351562,630.1822788198774,1.6301822788198774,32,26.95209654105747,4.480069238872584,3.2301822788198775
APPROACH_B,AAPL,2022-02-25,161.82533264160156,3.7077013234314453,600.0,1.6,2022-03-24,170.87619018554688,633.5578764938755,1.6335578764938754,27,30.32431861738155,5.040611472304113,3.2335578764938755
APPROACH_B,MSFT,2022-03-04,160.1761474609375,3.7458760839926137,600.0,1.6,2022-03-24,170.87619018554688,640.0810341398134,1.6400810341398135,20,36.84095310567352,6.123828641235625,3.2400810341398136
APPROACH_B,INTC,2022-02-14,44.46500778198242,13.493756774807645,600.0,1.6,2022-03-24,48.240516662597656,650.9457985361482,1.6509457985361482,38,47.69485273761211,7.928000787502013,3.250945798536148
APPROACH_B,ORCL,2022-02-14,75.05274963378906,7.994377326981735,600.0,1.6,2022-03-28,79.47320556640625,635.3387926826367,1.6353387926826368,42,32.10345388995404,5.336345393941828,3.235338792682637
APPROACH_B,IBM,2022-02-14,113.09895324707031,5.305088886979086,600.0,1.6,2022-03-29,114.65445709228516,608.2520861629024,1.6082520861629024,43,5.043834076739472,0.8384032707346197,3.2082520861629025
APPROACH_B,ISRG,2022-02-14,281.1400146484375,2.134167918964838,600.0,1.6,2022-03-30,304.44000244140625,649.7260864600262,1.649726086460026,44,46.47636037356608,7.72545883869117,3.249726086460026
APPROACH_B,PEP,2022-02-14,148.49008178710938,4.0406739142363834,600.0,1.6,2022-04-01,152.21041870117188,615.032668320823,1.615032668320823,46,11.817635652502076,1.9643676284079248,3.215032668320823
APPROACH_B,PG,2022-02-14,142.55299377441406,4.208961061522723,600.0,1.6,2022-04-07,144.4810791015625,608.115236065261,1.6081152360652609,52,4.907120829195719,0.8156783293210969,3.208115236065261
APPROACH_B,MCD,2022-02-14,232.6126708984375,2.579395170876009,600.0,1.6,2022-04-07,234.8021240234375,605.6474648174844,1.6056474648174843,52,2.4418173526669307,0.4058871929300084,3.2056474648174844
APPROACH_B,GILD,2022-03-30,52.340232849121094,11.4634568350048,600.0,1.6,2022-04-19,55.07744598388672,631.3779246185939,1.6313779246185938,20,28.14654669397521,4.678614809503858,3.231377924618594
APPROACH_B,TJX,2022-03-29,61.004390716552734,9.835357634957871,600.0,1.6,2022-04-20,63.347434997558594,623.0446784582354,1.6230446784582355,22,19.82163377977713,3.294819444776784,3.2230446784582356
APPROACH_B,ABT,2022-02-14,114.31248474121094,5.248770520195799,600.0,1.6,2022-04-21,115.31964111328125,605.28633267495,1.60528633267495,66,2.0810463422750445,0.34591860742603797,3.20528633267495
APPROACH_B,GS,2022-03-18,50.1229133605957,11.970573132560407,600.0,1.6,2022-05-26,47.76069259643555,571.7228635873681,1.5717228635873681,69,-31.44885927621931,-5.227536448839645,3.171722863587368
APPROACH_B,C,2022-03-24,49.31010055541992,12.167892444787379,600.0,1.6,2022-05-26,47.76069259643555,581.1469706019806,1.5811469706019805,63,-22.034176368621388,-3.662595805954353,3.1811469706019806
APPROACH_B,AMD,2022-02-14,114.2699966430664,5.25072212852302,600.0,1.6,2022-06-02,108.58999633789062,570.175896707596,1.570175896707596,108,-32.99427918911158,-5.484421407764558,3.170175896707596
APPROACH_B,BA,2022-04-07,177.97000122070312,3.3713546995818215,600.0,1.6,2022-07-15,147.74000549316406,498.0839618356228,1.4980839618356228,99,-105.01412212621284,-17.45580487470293,3.0980839618356226
APPROACH_B,AAPL,2022-05-26,141.34927368164062,4.244804266567179,600.0,1.6,2022-07-19,148.4472198486328,630.1293921735127,1.6301293921735127,54,26.899262781339075,4.471287031472586,3.230129392173513
APPROACH_B,MSFT,2022-05-26,141.34927368164062,4.244804266567179,600.0,1.6,2022-07-19,148.4472198486328,630.1293921735127,1.6301293921735127,54,26.899262781339075,4.471287031472586,3.230129392173513
APPROACH_B,GOOGL,2022-04-21,148.29600524902344,4.04596198658528,600.0,1.6,2022-07-20,122.7699966430664,496.72273951104916,1.4967227395110492,90,-106.3739832284619,-17.681845616433158,3.0967227395110495
APPROACH_B,GOOG,2022-04-21,148.29600524902344,4.04596198658528,600.0,1.6,2022-07-20,122.7699966430664,496.72273951104916,1.4967227395110492,90,-106.3739832284619,-17.681845616433158,3.0967227395110495
APPROACH_B,AMZN,2022-06-02,125.51100158691406,4.780457429339459,600.0,1.6,2022-07-20,122.7699966430664,586.8967425523273,1.5868967425523273,48,-16.290154190225053,-2.70780488534326,3.186896742552327
APPROACH_B,NVDA,2022-04-19,22.160093307495117,27.075698268701082,600.0,1.6,2022-07-21,18.022985458374023,487.9849161721223,1.4879849161721224,93,-115.10306874404984,-19.132823926869985,3.0879849161721227
APPROACH_B,JNJ,2022-02-14,691.0297241210938,0.8682694521760659,600.0,1.6,2022-07-21,589.1124267578125,511.5083240511186,1.5115083240511187,157,-91.60318427293254,-15.226593130474159,3.111508324051119
APPROACH_B,WFC,2022-03-18,46.9056510925293,12.791635677679837,600.0,1.6,2022-07-21,39.696128845214844,507.7784180022259,1.5077784180022258,125,-95.3293604157763,-15.845970813792604,3.107778418002226
APPROACH_B,BLK,2022-03-24,675.4755249023438,0.8882631240957908,600.0,1.6,2022-07-21,589.1124267578125,523.2868446355473,1.5232868446355474,119,-79.83644220908832,-13.27068520762771,3.1232868446355475
APPROACH_B,PG,2022-07-20,129.4601593017578,4.634630478103028,600.0,1.6,2022-07-28,136.29322814941406,631.6687491403239,1.631668749140324,8,28.4370803911836,4.72690830970472,3.231668749140324
APPROACH_B,KO,2022-07-20,55.783729553222656,10.75582440983166,600.0,1.6,2022-07-28,58.10577392578125,624.975501543078,1.624975501543078,8,21.750526041534954,3.6154464829679114,3.224975501543078
APPROACH_B,DIS,2022-03-24,136.68141174316406,4.389770286595011,600.0,1.6,2022-07-28,103.17992401123047,452.93616459763064,1.4529361645976306,126,-150.11677156696703,-24.95292080567936,3.0529361645976305
APPROACH_B,SCHW,2022-04-07,76.14122009277344,7.8800943729157025,600.0,1.6,2022-07-28,64.60879516601562,509.12340322858296,1.509123403228583,112,-93.98572017464562,-15.622626358817424,3.1091234032285833
APPROACH_B,XOM,2022-07-15,75.57212829589844,7.939434994482802,600.0,1.6,2022-07-29,86.64781188964844,687.9346699120379,1.6879346699120379,14,84.64673524212583,14.070268491044851,3.2879346699120378
APPROACH_B,GE,2022-03-28,56.32166290283203,10.653094547920922,600.0,1.6,2022-07-29,45.30113220214844,482.59724447735243,1.4825972444773523,123,-120.48535276712494,-20.027485499854546,3.0825972444773524
APPROACH_B,CSCO,2022-02-14,47.511234283447266,12.628592143501473,600.0,1.6,2022-08-03,41.48723602294922,523.9253828950078,1.523925382895008,170,-79.19854248788715,-13.164651344396136,3.123925382895008
APPROACH_B,AMAT,2022-04-01,123.34378051757812,4.864452812150444,600.0,1.6,2022-08-03,105.78907012939453,514.6059396857138,1.5146059396857137,124,-88.50866625397191,-14.712211810833095,3.1146059396857138
APPROACH_B,BAC,2022-03-18,39.14326858520508,15.32830603284829,600.0,1.6,2022-08-10,32.1832389831543,493.3145362620823,1.4933145362620823,145,-109.77877827417979,-18.247802239724034,3.093314536262082
APPROACH_B,PG,2022-07-29,127.87039947509766,4.692250923301824,600.0,1.6,2022-08-10,134.67306518554688,631.9198144607691,1.631919814460769,12,28.687894646308337,4.768599509027316,3.231919814460769
APPROACH_B,GILD,2022-07-28,53.65159606933594,11.183264692155623,600.0,1.6,2022-08-10,56.08544921875,627.2184239917341,1.6272184239917342,13,23.991205567742327,3.9878998616592964,3.2272184239917343
APPROACH_B,XOM,2022-08-04,77.9410171508789,7.698128943307408,600.0,1.6,2022-08-11,84.11395263671875,647.5200533287131,1.647520053328713,7,44.272533275384376,7.359131196041285,3.247520053328713
APPROACH_B,COF,2022-07-22,102.61624908447266,5.847027204298669,600.0,1.6,2022-08-11,109.20174407958984,638.505568390223,1.638505568390223,20,35.267062821832724,5.862211240331237,3.238505568390223
APPROACH_B,JPM,2022-03-17,126.93751525878906,4.726735030040352,600.0,1.6,2022-08-12,112.4219741821289,531.3888835129608,1.5313888835129608,148,-71.74250537055218,-11.9252834724987,3.131388883512961
APPROACH_B,IBM,2022-07-19,115.11296081542969,5.212271457095353,600.0,1.6,2022-08-16,121.62200164794922,633.9268877444097,1.6339268877444098,28,30.692960856665195,5.101888440270145,3.23392688774441
APPROACH_B,QCOM,2022-07-21,111.83232116699219,5.365175235020452,600.0,1.6,2022-08-16,121.62200164794922,652.5233512751937,1.6525233512751938,26,49.27082792391843,8.189964747991759,3.252523351275194
APPROACH_B,CVX,2022-07-19,78.68531036376953,7.625311474608717,600.0,1.6,2022-08-18,93.68927001953125,714.4098657276461,1.714409865727646,30,111.09545586191837,18.46666487066462,3.3144098657276464
APPROACH_B,LLY,2022-08-05,292.9036560058594,2.048455141126669,600.0,1.6,2022-08-19,314.77874755859375,644.8101437538153,1.6448101437538152,14,41.56533361006143,6.909131251672444,3.2448101437538153
APPROACH_B,CAT,2022-07-21,170.819580078125,3.5124779005169526,600.0,1.6,2022-08-25,187.7042999267578,659.3072053247427,1.6593072053247426,35,56.04789811941794,9.31647242676495,3.2593072053247427
APPROACH_B,AMGN,2022-08-26,218.7028045654297,2.7434490435192247,600.0,1.6,2022-09-09,225.1007537841797,617.5524476646642,1.6175524476646643,14,14.334895216999485,2.382795082612946,3.2175524476646644
APPROACH_B,CAT,2022-09-02,170.6686248779297,3.5155846625538145,600.0,1.6,2022-09-12,181.58843994140625,638.3895343550823,1.6383895343550825,10,35.15114482072727,5.842942955573016,3.2383895343550826
APPROACH_B,ABT,2022-08-22,100.8848876953125,5.947372433144695,600.0,1.6,2022-09-12,102.61248016357422,610.2746358214481,1.6102746358214481,21,7.064361185626581,1.1742621651639928,3.210274635821448
APPROACH_B,LLY,2022-08-30,299.4382019042969,2.0037523475103067,600.0000000000001,1.6,2022-09-28,326.101318359375,653.4262821888035,1.6534262821888035,29,50.172855906614586,8.339902910009071,3.2534262821888036
APPROACH_B,AMGN,2022-09-12,215.9491424560547,2.7784319640079103,600.0,1.6,2022-10-11,223.0559539794922,619.7457922988986,1.6197457922988985,29,16.52604650659964,2.747015709208717,3.2197457922988986
APPROACH_B,ABBV,2022-07-29,127.28216552734375,4.713936139553685,600.0,1.6,2022-10-13,128.04869079589844,603.613351165321,1.603613351165321,76,0.40973781415561916,0.06810801432108031,3.203613351165321
APPROACH_B,PEP,2022-09-13,152.1631622314453,3.9431357182718094,600.0,1.6,2022-10-13,158.70742797851562,625.8049280171357,1.6258049280171356,30,22.579123089118525,3.753178704973159,3.2258049280171357
APPROACH_B,IBM,2022-08-26,116.11801147460938,5.167157036022765,600.0,1.6,2022-10-24,118.17533874511719,610.630533081206,1.6106305330812059,59,7.419902548124696,1.233361460792004,3.210630533081206
APPROACH_B,ISRG,2022-08-30,206.5,2.9055690072639226,600.0,1.6,2022-10-24,220.27000427246094,640.0096976439543,1.6400096976439542,55,36.76968794631034,6.11198270384148,3.2400096976439543
APPROACH_B,QCOM,2022-08-26,116.11801147460938,5.167157036022765,600.0,1.6,2022-10-24,118.17533874511719,610.630533081206,1.6106305330812059,59,7.419902548124696,1.233361460792004,3.210630533081206
APPROACH_B,COF,2022-08-30,101.2060775756836,5.928497718442946,600.0,1.6,2022-10-28,101.46184539794922,601.5163189507529,1.6015163189507529,59,-1.6851973681979189,-0.2801192433839626,3.2015163189507527
APPROACH_B,BA,2022-09-13,147.30999755859375,4.073043309646008,600.0,1.6,2022-11-03,156.75,638.4495387870118,1.638449538787012,51,35.211089248224766,5.852907122377786,3.238449538787012
APPROACH_B,AMAT,2022-08-30,91.9617691040039,6.5244503867844434,600.0,1.6,2022-11-07,92.46770477294922,603.3009521709382,1.6033009521709383,69,0.09765121876728244,0.016231918013178595,3.203300952170938
APPROACH_B,NVDA,2022-08-26,16.23566436767578,36.95567895543366,600.0,1.6,2022-11-10,15.731101036071777,581.3535195045584,1.5813535195045585,76,-21.82783401494612,-3.628296877484395,3.1813535195045586
APPROACH_B,COST,2022-11-03,467.3888244628906,1.2837277414356285,600.0,1.6,2022-11-10,493.1855163574219,633.1159290222774,1.6331159290222774,7,29.882813093255095,4.967222921086285,3.2331159290222775
APPROACH_B,PG,2022-08-30,129.03945922851562,4.649740502534668,600.0,1.6,2022-11-10,130.88230895996094,608.5687730363863,1.6085687730363865,72,5.360204263349942,0.8909914001579027,3.2085687730363865
APPROACH_B,KO,2022-08-31,55.97420120239258,10.719223983751169,600.0,1.6,2022-11-10,55.62395477294922,596.2456300732875,1.5962456300732875,71,-6.950615556785806,-1.155354979518917,3.1962456300732875
APPROACH_B,AXP,2022-10-24,136.44461059570312,4.3973887820153665,599.9999999999999,1.6,2022-11-10,149.0842742919922,655.5815153465084,1.6555815153465083,17,52.32593383116193,8.697794852254312,3.2555815153465084
APPROACH_B,GS,2022-10-24,39.60007095336914,15.151488003810067,600.0,1.6,2022-11-10,43.67539978027344,661.7472958324219,1.6617472958324218,17,58.48554853658936,9.721666977491584,3.261747295832422
APPROACH_B,ABT,2022-09-13,99.37325286865234,6.037842001539955,600.0,1.6,2022-11-10,98.32339477539062,593.6611227088478,1.5936611227088477,58,-9.532538413861062,-1.584530986346586,3.193661122708848
APPROACH_B,INTC,2022-07-22,36.923221588134766,16.24993633255472,600.0,1.6,2022-11-11,29.342973709106445,476.8214545808068,1.476821454580807,112,-126.25536687377405,-20.986596887262973,3.076821454580807
APPROACH_B,AMD,2022-08-31,84.87000274658203,7.069635684961302,600.0,1.6,2022-11-15,76.37000274658203,539.908096677829,1.539908096677829,76,-63.23181141884879,-10.510606951271408,3.139908096677829
APPROACH_B,TMO,2022-10-28,499.47894287109375,1.2012518416714293,600.0,1.6,2022-11-15,541.3632202148438,650.3135652962566,1.6503135652962566,18,47.063251730960246,7.823013918045254,3.2503135652962567
APPROACH_B,DHR,2022-12-20,223.29896545410156,2.686980652954831,600.0,1.6,2022-12-29,233.35223388671875,627.012937777404,1.6270129377774039,9,23.785924839626546,3.9537774002038804,3.227012937777404
APPROACH_B,C,2022-12-20,39.517120361328125,15.183292570760454,600.0,1.6,2023-01-04,42.358463287353516,643.140940939704,1.6431409409397042,15,39.8977999987643,6.631948138092469,3.2431409409397043
APPROACH_B,INTC,2022-12-16,25.958354949951172,23.113945439024388,600.0,1.6,2023-01-06,27.703697204589844,640.341745646142,1.640341745646142,21,37.101403900495825,6.1671216589919915,3.240341745646142
APPROACH_B,DHR,2023-01-05,223.19088745117188,2.3296808045140063,519.9635262374411,1.5199635262374411,2023-01-10,233.38720703125,543.7176962398395,1.5437176962398396,5,20.69048877992111,3.9676210629980733,3.063681222477281
APPROACH_B,COF,2022-12-05,90.55323028564453,6.6259370108315006,600.0,1.6,2023-01-11,97.00499725341797,642.7490015370302,1.6427490015370303,37,39.506252535493104,6.566863785819997,3.2427490015370304
APPROACH_B,AMD,2022-12-28,62.56999969482422,9.589260075537956,600.0,1.6,2023-01-12,70.80000305175781,678.9196426121866,1.6789196426121866,15,75.64072296957443,12.573258472336175,3.2789196426121867
APPROACH_B,DIS,2022-11-07,98.78321075439453,6.073906642817924,600.0,1.6,2023-01-12,98.17337799072266,596.2959327257254,1.5962959327257253,66,-6.900363207000396,-1.1470018628657572,3.196295932725725
APPROACH_B,AMZN,2022-10-24,119.81999969482422,5.007511279654241,600.0,1.6,2023-01-20,97.25,486.98047194637496,1.4869804719463748,88,-116.10650852557143,-19.299619103319717,3.086980471946375
APPROACH_B,MCD,2023-01-18,249.6951446533203,2.191274059331776,547.1504932199161,1.5471504932199163,2023-01-25,256.22760009765625,561.4648933788302,1.5614648933788302,7,11.205784772315383,2.042251301916264,3.1086153865987463
APPROACH_B,AAPL,2022-09-28,147.511474609375,4.067480184771113,600.0,1.6,2023-01-26,141.95794677734375,577.411135587638,1.5774111355876381,120,-25.766275547949704,-4.282958036560788,3.177411135587638
APPROACH_B,WFC,2022-12-07,39.4553108215332,15.207078274302756,600.0,1.6,2023-01-26,42.57826614379883,647.4910260328437,1.6474910260328437,50,44.243535006810816,7.354311005121479,3.2474910260328436
APPROACH_B,COST,2022-12-06,462.4581604003906,1.2974146666166022,600.0,1.6,2023-01-27,483.7279968261719,627.5957977353446,1.6275957977353446,52,24.36820193760923,4.0505654816504695,3.2275957977353444
APPROACH_B,BAC,2022-12-06,30.661376953125,19.56859279076989,600.0,1.6,2023-02-01,33.37443923950195,653.0908110981056,1.6530908110981057,57,49.83772028700753,8.284195526430773,3.253090811098106
APPROACH_B,WMT,2023-01-18,45.35269546508789,12.06434342234648,547.1504932199161,1.5471504932199163,2023-02-21,47.44257354736328,572.3635001153214,1.5723635001153213,34,22.09349290207001,4.02653322010996,3.1195139933352376
APPROACH_B,MCD,2023-02-01,249.91107177734375,2.226773317733841,556.4953064400559,1.556495306440056,2023-03-03,253.99716186523438,565.5941028216274,1.5655941028216276,30,5.9767069723098984,1.0709950140121427,3.1220894092616835
APPROACH_B,PEP,2023-01-11,162.84361267089844,3.368346636854054,548.513735073185,1.548513735073185,2023-03-15,162.6365509033203,547.8162792647422,1.547816279264742,63,-3.7937858227807055,-0.6897011803664337,3.0963300143379273
APPROACH_B,ABBV,2023-01-18,134.9459686279297,4.054589394430215,547.1504932199161,1.5471504932199163,2023-03-20,141.20481872558594,572.5275604472017,1.5725275604472018,61,22.25738917361855,4.056403272118827,3.1196780536671183
APPROACH_B,PG,2023-01-25,132.20733642578125,4.205391876188448,555.9836585774935,1.5559836585774935,2023-03-24,136.8717498779297,575.5993450163427,1.5755993450163426,58,16.484103435255292,2.956579619907218,3.1315830035938363
APPROACH_B,KO,2023-01-18,55.033897399902344,9.94206332951602,547.1504932199161,1.5471504932199163,2023-03-24,56.46669006347656,561.395408619237,1.561395408619237,65,11.136369497481724,2.0296003864933523,3.108545901839153
APPROACH_B,ISRG,2023-01-26,250.5500030517578,2.2201338691847257,556.2545476995439,1.556254547699544,2023-03-24,256.4200134277344,569.2867565477152,1.569286756547715,57,9.906667543924073,1.7759906233463463,3.125541304247259
APPROACH_B,WMT,2023-03-03,45.29794692993164,12.151818166951953,550.4524144287687,1.5504524144287688,2023-03-27,46.61528015136719,566.4604082009386,1.5664604082009386,24,12.891080949540196,2.3353286230671064,3.1169128226297076
APPROACH_B,LLY,2023-01-09,342.1204528808594,1.5639563955566695,535.0614703337642,1.5350614703337642,2023-03-31,336.93841552734375,526.9569898727199,1.52695698987272,81,-11.166498921250763,-2.08098604061188,3.062018460206484
APPROACH_B,XOM,2023-03-20,93.93378448486328,5.760556312446403,541.1108551662592,1.5411108551662593,2023-04-03,106.47663879394531,613.3646737325372,1.6133646737325371,14,69.09934303737919,12.733639121221014,3.1544755288987965
APPROACH_B,NEE,2023-01-27,69.7331314086914,7.923703517868414,552.5446586550285,1.5525446586550284,2023-04-05,72.73722839355469,576.3482325020076,1.5763482325020077,68,20.674680955822055,3.7312371966833004,3.128892891157036
APPROACH_B,AMGN,2023-01-03,239.4254608154297,2.154645656055942,515.8770290951577,1.5158770290951578,2023-04-05,233.89337158203125,503.9573370595019,1.5039573370595019,92,-14.939526401810383,-2.8874625502156825,3.01983436615466
APPROACH_B,JPM,2023-03-15,120.00093078613281,4.485247676546695,538.233895991943,1.5382338959919428,2023-04-14,130.8153839111328,586.7393967439724,1.5867393967439725,30,45.38052745929349,8.407349128736081,3.1249732927359153
APPROACH_B,ABT,2023-02-21,98.21895599365234,5.624037934648854,552.3871344099072,1.5523871344099072,2023-04-19,106.9380111694336,601.4234314727973,1.6014234314727973,57,45.88248649700756,8.282941496770746,3.1538105658827043
APPROACH_B,C,2023-04-03,42.54850769042969,13.284514720113533,565.2362767323771,1.565236276732377,2023-04-19,45.90976333618164,609.8889268364336,1.6098889268364336,16,41.477524900487765,7.317821838598578,3.1751252035688107
APPROACH_B,AMD,2023-04-25,83.80000305175781,6.792668952601262,569.2256789575663,1.5692256789575663,2023-05-08,95.04000091552734,645.575263474098,1.645575263474098,13,73.13478357410008,12.812795450700728,3.2148009424316646
APPROACH_B,DIS,2023-03-27,94.05208587646484,5.861818851139301,551.316289979634,1.551316289979634,2023-05-08,101.28157043457031,593.6942188463571,1.5936942188463572,42,39.23291835789712,7.096259197136727,3.145010508825991
APPROACH_B,AMAT,2023-04-14,110.36964416503906,5.245360434991412,578.9285647273766,1.5789285647273767,2023-05-15,118.39564514160156,621.02783270104,1.62102783270104,31,38.899311576234936,6.700914635164115,3.1999563974284166
APPROACH_B,IBM,2023-01-26,121.17046356201172,4.590677722503456,556.2545476995439,1.556254547699544,2023-05-19,117.6824722290039,540.2423035908198,1.5402423035908197,113,-19.108740960014416,-3.4256670690189823,3.0964968512903637
APPROACH_B,MRK,2023-03-24,607.1787109375,0.8943874996935497,543.0530491425432,1.5430530491425432,2023-05-22,632.1388549804688,565.3770899651248,1.565377089965125,59,19.21561068347387,3.528415022829231,3.108430139107668
APPROACH_B,BLK,2023-04-03,627.4498901367188,0.9008468813489064,565.2362767323771,1.565236276732377,2023-05-22,632.1388549804688,569.4603160886239,1.569460316088624,49,1.0893427634258614,0.1921912236335816,3.134696592821001
APPROACH_B,WFC,2023-03-24,33.8889045715332,16.024508788599487,543.0530491425432,1.5430530491425432,2023-05-23,38.84865188598633,622.53056357223,1.62253056357223,60,76.311930816972,14.012573815688437,3.165583612714773
APPROACH_B,COST,2023-05-23,467.80889892578125,1.2397915475402945,579.9855187523156,1.5799855187523155,2023-05-26,489.41107177734375,606.7677100621871,1.606767710062187,3,23.59543808105707,4.057227931809935,3.186753228814503
APPROACH_B,CSCO,2023-04-19,44.69181823730469,13.171364449374837,588.6522259087569,1.5886522259087568,2023-05-26,46.38496398925781,610.9532656736424,1.6109532656736425,37,19.101434273303084,3.2362099917019003,3.1996054915823993
APPROACH_B,AXP,2023-04-05,156.29730224609375,3.5713290781885787,558.1891003539037,1.5581891003539037,2023-06-01,157.88861083984375,563.8721870071344,1.5638721870071344,57,2.5610253658695683,0.45753242831537727,3.122061287361038
APPROACH_B,BAC,2023-03-24,25.380210876464844,21.3967114688601,543.0530491425432,1.5430530491425432,2023-06-02,27.062650680541992,579.0517281941075,1.5790517281941074,70,32.87657427422755,6.036872857135457,3.1221047773366504
APPROACH_B,CAT,2023-03-24,207.16929626464844,2.6213008343129185,543.0530491425432,1.5430530491425432,2023-06-02,217.5274658203125,570.20492764076,1.5702049276407601,70,24.038620521433472,4.414027280895303,3.113257976783303
APPROACH_B,SCHW,2023-01-20,73.94905090332031,7.414161945918316,548.270239144174,1.5482702391441738,2023-06-02,52.634490966796875,390.24063996880676,1.3902406399688068,133,-160.96811005448012,-29.276589875998095,2.9385108791129806
APPROACH_B,C,2023-06-01,41.29289627075195,13.91848973857503,574.7347530205042,1.574734753020504,2023-06-06,43.4846305847168,605.2403845791066,1.6052403845791066,5,27.325656421002805,4.741489946065422,3.1799751375996106
APPROACH_B,ABT,2023-06-07,96.81465148925781,6.096763716346648,590.256054410453,1.5902560544104531,2023-06-22,103.09056091308594,628.5187912727263,1.6285187912727261,15,35.04396201659006,5.921125365986469,3.2187748456831793
APPROACH_B,BAC,2023-06-22,26.35568618774414,22.657159579289306,597.14498777739,1.59714498777739,2023-07-03,27.524538040161133,623.6278507221497,1.6236278507221495,11,23.262090106260075,3.8851600435781752,3.2207728384995393
APPROACH_B,C,2023-07-06,41.79018020629883,14.197484853139743,593.3154504889079,1.593315450488908,2023-07-12,43.63196563720703,619.4641712469606,1.6194641712469606,6,22.935941136316842,3.855371184537785,3.2127796217358684
APPROACH_B,DHR,2023-04-20,217.40293884277344,2.694742139905366,585.8448606388907,1.5858448606388906,2023-07-14,210.80836486816406,568.0741842547876,1.5680741842547876,85,-20.92459542899678,-3.562053401890742,3.1539190448936782
APPROACH_B,AMGN,2023-06-02,203.20628356933594,2.8971865753810357,588.726516790152,1.5887265167901519,2023-07-18,216.7179412841797,627.872310132741,1.6278723101327408,46,35.92919451566604,6.086441934717953,3.2165988269228927
APPROACH_B,TMO,2023-05-19,523.42822265625,1.1094777459217604,580.7319646244896,1.5807319646244897,2023-07-19,531.8908081054688,590.121014853359,1.590121014853359,61,6.218197249391551,1.0678450402703783,3.170852979477849
APPROACH_B,C,2023-07-14,42.13091278076172,14.216971889721517,598.9740026923984,1.5989740026923984,2023-07-19,43.76089859008789,622.1474651242335,1.6221474651242334,5,19.95234096401839,3.3222175719285048,3.221121467816632
APPROACH_B,GILD,2023-06-02,71.22425842285156,8.265814623087255,588.726516790152,1.5887265167901519,2023-07-19,72.89962005615234,602.574745477649,1.602574745477649,47,10.656927425229128,1.8052942975907396,3.191301262267801
APPROACH_B,KO,2023-05-26,55.87327575683594,10.375104725403276,579.6910873285088,1.5796910873285088,2023-07-20,58.288787841796875,604.7522781754558,1.604752278175456,55,21.876747481442976,3.76360696146891,3.184443365503965
APPROACH_B,PEP,2023-07-12,169.83657836914062,3.5143578161871045,596.8665066660631,1.5968665066660632,2023-07-20,175.52037048339844,616.8413859083877,1.6168413859083877,8,16.761171349750157,2.800701279493763,3.213707892574451
APPROACH_B,ABBV,2023-05-08,134.59002685546875,4.229524053749806,569.2517559800374,1.5692517559800374,2023-07-21,132.65814208984375,561.0808028947537,1.5610808028947538,74,-11.301285644158497,-1.9798300151883867,3.130332558874791
APPROACH_B,PG,2023-05-26,136.4895477294922,4.247146371071542,579.6910873285088,1.5796910873285088,2023-07-21,144.46263122558594,613.5539399651938,1.6135539399651937,56,30.669607609391278,5.27630301543396,3.1932450272937025
APPROACH_B,UNH,2023-05-08,134.59002685546875,4.229524053749806,569.2517559800374,1.5692517559800374,2023-07-21,132.65814208984375,561.0808028947537,1.5610808028947538,74,-11.301285644158497,-1.9798300151883867,3.130332558874791
APPROACH_B,NEE,2023-05-22,69.25495910644531,8.418018666723619,582.9895385212375,1.5829895385212374,2023-07-21,70.93304443359375,597.115692129528,1.597115692129528,60,10.94604837763984,1.8724876473361858,3.1801052306507653
APPROACH_B,XOM,2023-05-15,97.17195129394531,5.87242058038867,570.63456661509,1.57063456661509,2023-07-31,99.17884063720703,582.4198648970228,1.5824198648970227,77,8.63224385042065,1.5085923428507007,3.1530544315121127
APPROACH_B,GILD,2023-07-27,70.6376724243164,8.494051111931247,600.0,1.6,2023-08-04,72.64109802246094,617.0171994295911,1.6170171994295912,8,13.800182230161454,2.293913269641199,3.2170171994295913
APPROACH_B,DIS,2023-05-22,90.31439208984375,6.45511224768347,582.9895385212375,1.5829895385212374,2023-08-10,90.25537872314453,582.6086006150804,1.5826086006150804,80,-3.5465360452934647,-0.606688798234274,3.1655981391363177
APPROACH_B,HD,2023-07-28,51.689998626708984,11.607661364687504,600.0,1.6,2023-08-28,53.790000915527344,624.3761154336722,1.6243761154336722,31,21.151739318238583,3.515914115398701,3.2243761154336723
APPROACH_B,BSX,2023-07-28,51.689998626708984,11.607661364687504,600.0,1.6,2023-08-28,53.790000915527344,624.3761154336722,1.6243761154336722,31,21.151739318238583,3.515914115398701,3.2243761154336723
APPROACH_B,AAPL,2023-08-07,176.87632751464844,3.3922006886439315,600.0,1.6,2023-09-01,187.62228393554688,636.4524407711093,1.6364524407711092,25,33.21598833033818,5.521274655973766,3.2364524407711093
APPROACH_B,NVDA,2023-10-03,43.491363525390625,12.902392001691924,561.1426208926758,1.5611426208926757,2023-10-11,46.77842712402344,603.5536039767286,1.6035536039767286,8,39.24628685918333,6.974591144392973,3.164696224869404
APPROACH_B,WMT,2023-10-11,51.538299560546875,11.083382514215176,571.2186881617489,1.571218688161749,2023-10-24,53.17340087890625,589.3411415226234,1.5893411415226235,13,14.961893531190185,2.612108445393868,3.1605598296843724
APPROACH_B,AMD,2023-08-09,110.47000122070312,5.431338765003601,600.0,1.6,2023-11-01,108.04000091552734,586.8018451435282,1.5868018451435284,84,-16.38495670161535,-2.7235632815185093,3.1868018451435285
APPROACH_B,BAC,2023-08-28,27.109783172607422,22.13223160730621,600.0,1.6,2023-11-03,27.012535095214844,597.8476830277822,1.5978476830277821,67,-5.350164655245635,-0.8893225823214155,3.197847683027782
APPROACH_B,WFC,2023-08-28,39.78904724121094,15.079526693932962,600.0,1.6,2023-11-03,39.89453887939453,601.5907639739762,1.6015907639739764,67,-1.610826789997759,-0.2677571126990956,3.2015907639739765
APPROACH_B,C,2023-08-08,42.070098876953125,14.261910858704743,600.0,1.6,2023-11-03,39.879669189453125,568.7602870546145,1.5687602870546145,87,-34.40847323244009,-5.719493555924216,3.1687602870546145
APPROACH_B,NVDA,2023-10-24,43.63728332519531,12.914084057814074,563.5355449162207,1.5635355449162207,2023-11-06,45.724056243896484,590.4843057978977,1.5904843057978977,13,23.794741030962882,4.21072018229895,3.1540198507141186
APPROACH_B,AAPL,2023-11-01,172.28250122070312,3.317613868737594,571.5668153906062,1.5715668153906062,2023-11-06,177.49147033691406,588.8481635723733,1.5888481635723735,5,14.120933202804167,2.4637912310903016,3.1604149789629794
APPROACH_B,JPM,2023-11-03,136.76963806152344,4.33526164671365,592.93216632303,1.5929321663230298,2023-11-10,140.0501708984375,607.1541345116882,1.6071541345116882,7,11.021881887823497,1.8538968187935772,3.200086300834718
APPROACH_B,AXP,2023-08-15,157.6414031982422,3.806106694225939,600.0,1.6,2023-11-14,153.40089416503906,583.8601701818,1.5838601701817998,91,-19.32368998838183,-3.212049532643256,3.1838601701818
APPROACH_B,MRK,2023-08-15,638.143798828125,0.940226953708284,600.0,1.6,2023-11-14,666.2080688476562,626.3867831085106,1.6263867831085106,91,23.160396325402075,3.849799921110717,3.2263867831085107
APPROACH_B,ABT,2023-08-10,100.22623443603516,5.986456573731928,600.0,1.6,2023-11-16,96.47039031982422,577.5158023005966,1.5775158023005966,98,-25.661713501703957,-4.265577377277918,3.1775158023005967
APPROACH_B,MCD,2023-08-04,272.37982177734375,2.2028063462442113,600.0,1.6,2023-11-16,263.44451904296875,580.3172584311055,1.5803172584311054,104,-22.86305882732563,-3.8003754699676913,3.1803172584311055
APPROACH_B,ISRG,2023-08-02,313.8699951171875,1.9116194900247858,600.0,1.6,2023-11-16,303.95001220703125,581.0367673282325,1.5810367673282326,106,-22.14426943909575,-3.6808958509135223,3.1810367673282327
APPROACH_B,KO,2023-09-01,55.4112548828125,10.828125103265048,600.0,1.6,2023-11-21,54.64553451538086,591.7086840673321,1.5917086840673322,81,-11.483024616735293,-1.9087474429413716,3.1917086840673323
APPROACH_B,DHR,2023-11-14,201.45184326171875,2.9733972349420834,598.9963537283805,1.5989963537283804,2023-11-22,219.05117797851562,651.3261669121246,1.6513261669121246,8,49.07949066310357,8.171806634266114,3.250322520640505
APPROACH_B,TMO,2023-11-14,456.4346923828125,1.3123374794350675,598.9963537283805,1.5989963537283804,2023-11-30,492.710205078125,646.6020686241618,1.6466020686241618,16,44.360116473428775,7.3860239622841215,3.2455984223525425
APPROACH_B,GILD,2023-11-21,69.63288116455078,8.616618901379775,600.0,1.6,2023-12-01,72.3924560546875,623.778205158125,1.623778205158125,10,20.554426952966878,3.416626820639441,3.2237782051581254
APPROACH_B,NEE,2023-07-27,68.47515869140625,8.762301708623875,600.0,1.6,2023-12-06,57.111228942871094,500.4258189477287,1.5004258189477286,132,-102.67460687121905,-17.066922684710615,3.1004258189477287
APPROACH_B,ABBV,2023-11-03,131.82337951660156,4.497928732348705,592.93216632303,1.5929321663230298,2023-12-07,137.92892456054688,620.3944728028408,1.620394472802841,34,24.248979840685024,4.078714238019556,3.213326639125871
APPROACH_B,UNH,2023-11-06,131.6183319091797,4.5012701242879585,592.449665231407,1.592449665231407,2023-12-07,137.92892456054688,620.8553473995573,1.6208553473995573,31,25.192377155519353,4.240840257580517,3.2133050126309644
APPROACH_B,TJX,2023-11-16,86.3451919555664,6.941154567308381,599.3353235074986,1.5993353235074985,2023-12-11,88.69020080566406,615.6123923977325,1.6156123923977326,25,13.062121174328695,2.17363418507735,3.214947715905231
APPROACH_B,PEP,2023-08-09,170.58763122558594,3.5172538342276236,600.0,1.6,2023-12-12,158.50503540039062,557.5024435064091,1.557502443506409,125,-45.65505893709735,-7.588939318001555,3.1575024435064094
APPROACH_B,CAT,2023-11-10,232.38722229003906,2.5279033370247608,587.4524347089047,1.5874524347089047,2023-12-13,259.8164367675781,656.7908375186435,1.6567908375186433,33,66.09415953751125,11.220659412050454,3.244243272227548
APPROACH_B,MSFT,2022-10-11,136.82025146484375,4.3853157231930044,600.0,1.6,2024-01-02,184.08151245117188,807.2555509012728,1.8072555509012729,448,203.8482953503716,33.88435760478251,3.407255550901273
APPROACH_B,GOOG,2022-10-13,112.52999877929688,5.33191154810878,600.0,1.6,2024-01-02,149.92999267578125,799.4134593558629,1.7994134593558628,446,196.014045896507,32.58212199077576,3.3994134593558627
APPROACH_B,LLY,2023-12-20,563.1441650390625,1.0654465361607377,600.0,1.6,2024-01-03,610.0457153320312,649.9710943002121,1.6499710943002122,14,46.72112320591191,7.766144149918867,3.2499710943002125
APPROACH_B,WMT,2023-11-16,50.824981689453125,11.79214047079271,599.3353235074986,1.5993353235074985,2024-01-10,52.73011016845703,621.8008661468203,1.6218008661468204,55,19.244406449667395,3.2024124697855503,3.221136189654319
APPROACH_B,PG,2023-12-05,139.50924682617188,4.300790188822382,600.0,1.6,2024-01-11,143.073974609375,615.3311462758226,1.6153311462758224,37,12.115815129546718,2.013932036161356,3.2153311462758225
APPROACH_B,CSCO,2023-11-06,50.3126106262207,11.775371181447868,592.449665231407,1.592449665231407,2024-01-19,48.78212356567383,574.4276120050645,1.5744276120050644,74,-21.188930503578945,-3.5669071219413047,3.1668772772364715
APPROACH_B,ORCL,2023-12-12,98.61126708984375,6.084497418062238,600.0,1.6,2024-01-23,109.8147964477539,668.1678454513889,1.6681678454513889,42,64.89967760593743,10.78784534673162,3.268167845451389
APPROACH_B,XOM,2023-11-03,100.49534606933594,5.900095770742869,592.93216632303,1.5929321663230298,2024-01-26,96.91663360595703,571.8174200531433,1.5718174200531434,84,-24.27949585626277,-4.083847076928339,3.164749586376173
APPROACH_B,PEP,2024-01-22,155.34381103515625,3.8624004136490027,600.0,1.6,2024-01-30,159.58702087402344,616.3889754368402,1.6163889754368401,8,13.172586461403284,2.189592164461982,3.21638897543684
APPROACH_B,PEP,2024-02-16,156.4822235107422,3.834301344515412,600.0,1.6,2024-02-23,159.5682373046875,611.8327068393177,1.6118327068393177,7,8.62087413247832,1.4329910459571675,3.211832706839318
APPROACH_B,NEE,2024-01-19,54.32207489013672,11.045233474852822,600.0,1.6,2024-03-13,57.00210952758789,629.6016082913408,1.629601608291341,54,26.37200668304945,4.383644727900507,3.229601608291341
APPROACH_B,PEP,2024-02-28,157.1502227783203,3.8180028598901425,600.0,1.6,2024-03-18,162.35964965820312,619.8896067257812,1.6198896067257813,19,16.66971711905535,2.7708971275025513,3.2198896067257814
APPROACH_B,CSCO,2024-02-16,46.089447021484375,13.018164434047405,600.0,1.6,2024-04-09,47.972023010253906,624.5076837813912,1.6245076837813912,53,21.283176097609726,3.537761984310127,3.2245076837813915
APPROACH_B,KO,2024-04-04,56.73631286621094,10.575237791973743,600.0,1.6,2024-04-19,57.568702697753906,608.8027204041879,1.608802720404188,15,5.593917683783616,0.9298400405225424,3.2088027204041882
APPROACH_B,PG,2024-04-11,149.0762176513672,4.024786846974966,600.0,1.6,2024-04-22,154.56385803222656,622.0865828258114,1.6220865828258115,11,18.864496242985638,3.135720785070751,3.2220865828258116
APPROACH_B,AAPL,2024-01-31,182.85189819335938,3.281344114708185,600.0,1.6,2024-05-03,182.07249450683594,597.4425083002444,1.5974425083002446,93,-5.754934208055829,-0.9566047553284289,3.1974425083002447
APPROACH_B,MSFT,2024-03-22,171.05166625976562,3.5077121031303897,600.0,1.6,2024-05-03,182.07249450683594,638.6578926287698,1.6386578926287698,42,35.41923473614099,5.887505773959607,3.23865789262877
APPROACH_B,COST,2024-04-04,699.1619873046875,0.8581702250619159,600.0,1.6,2024-05-03,739.0498046875,634.2305372206368,1.634230537220637,29,30.99630668341615,5.152311616259333,3.234230537220637
APPROACH_B,AMGN,2024-02-27,265.7287902832031,2.2579412616922085,600.0,1.6,2024-05-03,297.0257873535156,670.6667810521187,1.6706667810521187,66,67.39611427106661,11.202811547717188,3.270666781052119
APPROACH_B,LLY,2024-05-03,727.134765625,0.8251565299374417,600.0,1.6,2024-05-07,769.478515625,634.9402218145385,1.6349402218145386,4,31.705281592723964,5.270159839216084,3.2349402218145387
APPROACH_B,TJX,2024-04-04,93.87521362304688,6.391463484805287,600.0,1.6,2024-05-08,96.57134246826172,617.2322090645209,1.6172322090645208,34,14.014976855456439,2.3296171634734772,3.217232209064521
APPROACH_B,CSCO,2024-04-22,46.17823028564453,12.993135429586234,600.0,1.6,2024-05-14,46.95521926879883,610.0955230854203,1.6100955230854201,22,6.885427562334826,1.1445192091646983,3.2100955230854202
APPROACH_B,ISRG,2024-05-08,380.3699951171875,1.5774114880306136,600.0,1.6,2024-05-15,399.3900146484375,630.0023973111604,1.6300023973111604,7,26.77239491384921,4.450198622647808,3.2300023973111607
APPROACH_B,BLK,2024-04-04,766.493896484375,0.7827850981618756,600.0,1.6,2024-05-15,789.3409423828125,617.8843270663173,1.6178843270663172,41,14.666442739250897,2.437906040433992,3.2178843270663173
APPROACH_B,ORCL,2024-04-19,113.17388153076172,5.301576581845118,600.0,1.6,2024-05-16,120.34577178955078,638.0223254435592,1.638022325443559,27,34.784303118115645,5.781965278942095,3.238022325443559
APPROACH_B,BA,2024-01-16,200.52000427246094,2.9922201636537813,600.0,1.6,2024-06-03,184.57000732421875,552.2740975212535,1.5522740975212534,139,-50.87817657626783,-8.457143712810478,3.1522740975212535
APPROACH_B,GOOG,2024-06-03,178.33999633789062,3.364360279918444,600.0,1.6,2024-06-06,185.0,622.4066517849121,1.622406651784912,3,19.184245133127206,3.1888705340969423,3.222406651784912
APPROACH_B,ORCL,2024-05-30,115.3510513305664,5.201513060167562,600.0,1.6,2024-06-06,121.6658706665039,632.8466152484775,1.6328466152484775,7,29.61376863322903,4.922501435044719,3.2328466152484774
APPROACH_B,ABBV,2024-04-04,158.00180053710938,3.797425079716607,600.0,1.6,2024-06-10,161.9089813232422,614.8372263082476,1.6148372263082478,67,11.622389081939332,1.9319130787798091,3.214837226308248
APPROACH_B,GILD,2024-02-02,72.4027099609375,8.286982632607401,600.0,1.6,2024-06-20,65.8925552368164,546.0504608656214,1.5460504608656214,139,-57.09558959524429,-9.490623270486086,3.1460504608656215
APPROACH_B,BLK,2024-05-28,746.4821166992188,0.8037700925148338,600.0,1.6,2024-06-24,778.2301635742188,625.518130573884,1.6255181305738842,27,22.292612443310077,3.705553930071489,3.2255181305738843
APPROACH_B,C,2024-06-21,57.6478157043457,10.408026612442313,600.0,1.6,2024-06-28,60.982337951660156,634.7057962898298,1.63470579628983,7,31.47109049353992,5.231231797463417,3.23470579628983
APPROACH_B,WFC,2024-06-06,56.04570388793945,10.705548478785628,600.0,1.6,2024-07-01,58.822265625,629.7246162804429,1.6297246162804429,25,26.494891664162424,4.404071087792956,3.2297246162804427
APPROACH_B,AMD,2024-04-04,165.8300018310547,3.6181631392084994,600.0,1.6,2024-07-02,164.30999755859375,594.5003765699424,1.5945003765699424,89,-8.694123806627545,-1.4451668561548443,3.1945003765699425
APPROACH_B,IBM,2024-04-12,173.99766540527344,3.4483221289348145,600.0,1.6,2024-07-02,170.93338012695312,589.4333572653989,1.589433357265399,81,-13.75607609186659,-2.2865817971852707,3.189433357265399
APPROACH_B,INTC,2024-02-02,42.0369987487793,14.273140753594435,600.0,1.6,2024-07-08,33.77574157714844,482.0859135876713,1.4820859135876714,157,-120.9961723259164,-20.112395665877063,3.0820859135876715
APPROACH_B,SCHW,2024-05-29,69.35842895507812,8.650714974939907,600.0,1.6,2024-07-11,74.81625366210938,647.2140859237122,1.647214085923712,43,43.96687183778852,7.308323111334528,3.247214085923712
APPROACH_B,CSCO,2024-05-20,45.20938491821289,13.27158069249215,600.0,1.6,2024-07-12,45.83856964111328,608.3502758204559,1.608350275820456,53,5.141925544635342,0.8547083684566725,3.208350275820456
APPROACH_B,CAT,2024-05-28,338.7144470214844,1.771403627085155,600.0,1.6,2024-07-15,338.0300598144531,598.7876740191341,1.598787674019134,48,-4.411113654885071,-0.7332303282721194,3.198787674019134
APPROACH_B,COF,2024-05-23,135.22964477539062,4.436896961435997,600.0,1.6,2024-07-15,142.23255920410156,631.0712097499438,1.6310712097499438,53,27.840138540193834,4.62768260309073,3.2310712097499437
APPROACH_B,WFC,2024-07-12,54.89042663574219,10.93086785390928,600.0,1.6,2024-07-16,58.482479095458984,639.264250761474,1.639264250761474,4,36.02498651071255,5.988195896062591,3.239264250761474
APPROACH_B,XOM,2024-06-06,109.11449432373047,5.498811168201607,600.0,1.6,2024-07-17,112.62814331054688,619.3208922898463,1.619320892289846,41,16.101571397556427,2.676458011561906,3.219320892289846
APPROACH_B,GE,2024-07-12,157.79867553710938,3.8023132827809984,600.0,1.6,2024-07-23,170.689697265625,649.0157031469535,1.6490157031469534,11,45.76668744380652,7.607494588398689,3.2490157031469535
APPROACH_B,DHR,2024-07-01,242.79896545410156,2.471180216430631,600.0,1.6,2024-07-23,262.331298828125,648.2679158146145,1.6482679158146145,22,45.01964789879992,7.483319132114348,3.2482679158146146
APPROACH_B,ABT,2024-03-20,107.80384063720703,5.5656644183873185,600.0,1.6,2024-07-24,104.77161407470703,583.1236445126049,1.583123644512605,126,-20.05947913190778,-3.334354908894245,3.183123644512605
APPROACH_B,NEE,2024-07-17,68.31758117675781,8.782512344042486,600.0,1.6,2024-07-24,72.66329956054688,638.1663253493599,1.63816632534936,7,34.92815902401048,5.805877497342168,3.23816632534936
APPROACH_B,TMO,2024-05-29,564.5619506835938,1.0627708779762726,600.0,1.6,2024-07-25,592.033935546875,629.1964254729003,1.6291964254729003,57,25.967229047427395,4.31636121134099,3.2291964254729004
APPROACH_B,PEP,2024-06-10,158.5183563232422,3.7850506018149215,600.0,1.6,2024-07-29,165.50311279296875,626.4376566792693,1.6264376566792693,49,23.211219022589944,3.858247842850722,3.2264376566792694
APPROACH_B,MCD,2024-03-13,273.0368957519531,2.1975052065677025,600.0,1.6,2024-07-30,258.85693359375,568.8394593284156,1.5688394593284156,139,-34.329380130912796,-5.706346431335239,3.1688394593284155
APPROACH_B,PG,2024-07-30,156.6169891357422,3.8310020088559575,600.0,1.6,2024-08-02,164.7335968017578,631.0947402736015,1.6310947402736016,3,27.863645533327826,4.631590015513269,3.2310947402736017
APPROACH_B,LLY,2024-07-26,797.3991088867188,0.7524462885814913,600.0,1.6,2024-08-09,883.6777954101562,664.9200774582465,1.6649200774582464,14,61.655157380788296,10.248530149732096,3.2649200774582465
APPROACH_B,COST,2024-07-30,805.894287109375,0.7445145220623319,600.0,1.6,2024-08-09,850.5650634765625,633.2580417171699,1.6332580417171698,10,30.024783675452795,4.990821754563297,3.23325804171717
APPROACH_B,HD,2024-07-25,74.26000213623047,8.079719670614821,600.0,1.6,2024-08-15,77.58000183105469,626.8246668407064,1.6268246668407065,21,23.59784217386573,3.9225136592197023,3.226824666840707
APPROACH_B,CSCO,2024-08-09,43.99070739746094,13.639244183525697,600.0,1.6,2024-08-15,46.95115280151367,640.3782377578716,1.6403782377578717,6,37.13785952011369,6.173181436189111,3.240378237757872
APPROACH_B,CAT,2024-08-01,325.4189758300781,1.8437769293247914,600.0,1.6,2024-08-15,339.2791748046875,625.5551151052358,1.6255551151052359,14,22.32955999013052,3.711695477082865,3.225555115105236
APPROACH_B,BSX,2024-07-25,74.26000213623047,8.079719670614821,600.0,1.6,2024-08-15,77.58000183105469,626.8246668407064,1.6268246668407065,21,23.59784217386573,3.9225136592197023,3.226824666840707
APPROACH_B,NVDA,2024-07-30,103.69139862060547,5.786400877813683,600.0,1.6,2024-08-16,124.53363037109375,720.6015080966216,1.7206015080966215,17,117.280906588525,19.494831547294712,3.3206015080966216
APPROACH_B,WFC,2024-08-01,55.22050476074219,10.865529074746107,600.0,1.6,2024-08-30,57.19776153564453,621.4839409759402,1.6214839409759403,29,18.2624570349642,3.035647778418251,3.2214839409759404
APPROACH_B,GE,2024-09-06,160.00173950195312,3.749959230866211,600.0,1.6,2024-09-12,168.4072265625,631.5202337926243,1.6315202337926242,6,28.28871355883166,4.702246269752603,3.231520233792624
APPROACH_B,CAT,2024-09-06,323.2987060546875,1.8558688567671136,600.0,1.6,2024-09-13,338.9552001953125,629.0563998817427,1.6290563998817427,7,25.827343481860908,4.293108956426347,3.2290563998817428
APPROACH_B,COF,2024-09-11,134.81658935546875,4.450490869621317,600.0,1.6,2024-09-17,143.33277893066406,637.901223948371,1.637901223948371,6,34.66332272442264,5.761855506054295,3.237901223948371
APPROACH_B,AAPL,2024-09-16,215.3179168701172,2.786577209744828,600.0,1.6,2024-09-19,227.80975341796875,634.8094670321007,1.6348094670321007,3,31.57465756506849,5.24844706866165,3.234809467032101
APPROACH_B,MSFT,2024-09-16,215.3179168701172,2.786577209744828,600.0,1.6,2024-09-19,227.80975341796875,634.8094670321007,1.6348094670321007,3,31.57465756506849,5.24844706866165,3.234809467032101
APPROACH_B,GOOG,2024-07-19,183.1300048828125,3.2763609676303376,600.0,1.6,2024-09-19,189.8699951171875,622.0826409261159,1.622082640926116,62,18.860558285189768,3.1350662043201076,3.222082640926116
APPROACH_B,AMZN,2024-07-19,183.1300048828125,3.2763609676303376,600.0,1.6,2024-09-19,189.8699951171875,622.0826409261159,1.622082640926116,62,18.860558285189768,3.1350662043201076,3.222082640926116
APPROACH_B,BAC,2024-08-02,36.47813034057617,16.448211418681034,600.0,1.6,2024-09-19,39.9303092956543,656.7821693082465,1.6567821693082465,48,53.525387138938186,8.897172064318182,3.256782169308247
APPROACH_B,C,2024-08-09,56.11656951904297,10.692029201756391,600.0,1.6,2024-09-19,61.14221954345703,653.7343968188429,1.653734396818843,41,50.48066242202401,8.391067556852395,3.2537343968188432
APPROACH_B,XOM,2024-09-06,108.70936584472656,5.519303652796588,600.0,1.6,2024-09-23,113.26466369628906,625.1420720717053,1.6251420720717054,17,21.916929999633567,3.6431067153646217,3.2251420720717054
APPROACH_B,AMD,2024-07-18,155.77000427246094,3.851832724807056,600.0,1.6,2024-09-24,158.32000732421875,609.8221852031186,1.6098221852031185,68,6.612363017915413,1.099129491009876,3.2098221852031186
APPROACH_B,DIS,2024-05-07,103.99972534179688,5.769246005487896,600.0,1.6,2024-09-24,92.88060760498047,535.8510744123223,1.5358510744123222,140,-67.28477666209005,-11.18430463133146,3.1358510744123222
APPROACH_B,NVDA,2024-09-03,107.95980072021484,5.557624189719846,600.0,1.6,2024-09-25,123.47459411621094,686.2253910760936,1.6862253910760936,22,82.93916568501754,13.786430466259564,3.2862253910760937
APPROACH_B,XOM,2024-09-26,108.86380004882812,5.511473967754984,600.0,1.6,2024-09-30,113.12955474853516,623.5105959802638,1.6235105959802638,4,20.2870853842835,3.372188394993933,3.223510595980264
APPROACH_B,WFC,2024-09-06,52.82501983642578,11.35825413521694,600.0,1.6,2024-10-07,55.916263580322266,635.1111320370758,1.6351111320370757,31,31.876020905038672,5.298540708949248,3.235111132037076
APPROACH_B,SCHW,2024-07-16,66.30992889404297,9.048418690943608,600.0,1.6,2024-10-08,64.0771255493164,579.7966604823748,1.579796660482375,84,-23.383136178107634,-3.8868244976907635,3.179796660482375
APPROACH_B,JPM,2024-09-13,198.86578369140625,3.0171102784130093,600.0,1.6,2024-10-09,208.9957733154297,630.5632958148583,1.6305632958148584,26,27.33273251904336,4.543339846915452,3.2305632958148585
APPROACH_B,AMAT,2024-07-19,207.69677734375,2.8888267197664113,600.0,1.6,2024-10-09,202.9483642578125,586.2826574008552,1.5862826574008553,82,-16.903625256545638,-2.8097781343992083,3.1862826574008554
APPROACH_B,PEP,2024-10-02,163.23959350585938,3.6755788660945385,600.0,1.6,2024-10-11,168.30381774902344,618.6139556013375,1.6186139556013375,9,15.395341645736153,2.5590660980279507,3.2186139556013376
APPROACH_B,PG,2024-10-07,161.86660766601562,3.706755881596027,600.0,1.6,2024-10-14,167.08718872070312,619.3514195298117,1.6193514195298118,7,16.132068110281807,2.6815272789697153,3.219351419529812
APPROACH_B,TJX,2024-10-07,110.73299407958984,5.4184392374394506,600.0,1.6,2024-10-16,115.93733978271484,628.1994309630119,1.628199430963012,9,24.97123153204882,4.1508031137049235,3.228199430963012
APPROACH_B,DHR,2024-10-16,266.41412353515625,2.252132852561863,600.0,1.6,2024-10-18,272.7258605957031,614.2148703907899,1.61421487039079,2,11.00065552039905,1.8285664096407996,3.21421487039079
APPROACH_B,INTC,2024-07-30,29.94007110595703,20.040032566276068,600.0,1.6,2024-10-24,22.34000015258789,447.69433058847363,1.4476943305884737,86,-155.35336374211488,-25.823364983729203,3.047694330588474
APPROACH_B,ABBV,2024-10-17,182.19927978515625,3.2930975397240947,600.0,1.6,2024-10-30,194.69244384765625,641.1412078375882,1.6411412078375882,13,37.900066629750654,6.299878096700574,3.2411412078375883
APPROACH_B,XOM,2024-11-01,110.93876647949219,5.408388961228573,600.0,1.6,2024-11-06,116.77764129638672,631.5789061056878,1.6315789061056878,5,28.347327199582082,4.711989228653937,3.231578906105688
APPROACH_B,COST,2024-10-31,869.716796875,0.6898797426425178,600.0,1.6,2024-11-06,895.8475341796875,618.027066326817,1.618027066326817,6,14.80903926049018,2.461608919629352,3.218027066326817
APPROACH_B,GE,2024-10-31,170.723876953125,3.51444689933289,600.0,1.6,2024-11-08,183.67376708984375,645.5117012376928,1.6455117012376927,8,42.26618953645516,7.025629909650126,3.245511701237693
APPROACH_B,TJX,2024-10-25,112.40193176269531,5.33798655050457,600.0,1.6,2024-11-08,116.36197662353516,621.1386662065578,1.6211386662065577,14,17.917527540351216,2.978312423595614,3.2211386662065578
APPROACH_B,AAPL,2024-11-01,221.87738037109375,2.7041963403231533,600.0,1.6,2024-11-20,228.18995666503906,617.0704457120976,1.6170704457120975,19,13.853375266385456,2.302755197205029,3.2170704457120975
APPROACH_B,MSFT,2024-11-01,221.87738037109375,2.7041963403231533,600.0,1.6,2024-11-20,228.18995666503906,617.0704457120976,1.6170704457120975,19,13.853375266385456,2.302755197205029,3.2170704457120975
APPROACH_B,PG,2024-10-25,163.8900146484375,3.660991801648608,600.0,1.6,2024-11-21,168.30340576171875,616.1573886831915,1.6161573886831915,27,12.94123129450827,2.1511355210286354,3.2161573886831913
APPROACH_B,IBM,2024-11-15,200.92874145507812,2.9861332712032276,600.0,1.6,2024-11-21,217.99380493164062,650.9585538225583,1.6509585538225582,6,47.70759526873576,7.930118894404215,3.2509585538225583
APPROACH_B,BA,2024-08-01,178.30999755859375,3.364926298105278,600.0,1.6,2024-11-29,155.44000244140625,523.0441519926364,1.5230441519926363,120,-80.0788921593562,-13.31098606372277,3.1230441519926364
APPROACH_B,MCD,2024-11-15,285.9559326171875,2.0982253961599984,600.0,1.6,2024-12-09,296.2680969238281,621.637245037568,1.621637245037568,24,18.41560779253041,3.0611050187051876,3.2216372450375683
APPROACH_B,GOOGL,2022-10-13,112.52999877929688,5.33191154810878,600.0,1.6,2024-12-31,219.38999938964844,1169.7680712852448,2.1697680712852447,810,565.9983032139595,94.08216476295868,3.769768071285245
APPROACH_B,NVDA,2024-12-16,131.9712371826172,4.5464452164659255,600.0,1.6,2025-01-03,144.43853759765625,656.681898334198,1.656681898334198,18,53.42521643586372,8.880521349046495,3.256681898334198
APPROACH_B,TMO,2024-10-16,589.470458984375,1.0178627119563664,600.0,1.6,2025-01-13,553.9786987304688,563.8742606558537,1.5638742606558538,89,-39.289613604802184,-6.53085332526632,3.163874260655854
APPROACH_B,GE,2024-12-05,171.84693908691406,3.4914791219908863,600.0,1.6,2025-01-15,179.47344970703125,626.627802603781,1.626627802603781,41,23.40117480117715,3.8898229390254566,3.2266278026037813
APPROACH_B,AMAT,2024-10-15,189.0529327392578,3.1737143206739944,600.0,1.6,2025-01-16,184.99371337890625,587.1171973852951,1.587117197385295,93,-16.069919812090234,-2.6711967772756373,3.1871171973852954
APPROACH_B,CAT,2024-12-12,375.1153259277344,1.599508093987046,600.0,1.6,2025-01-21,393.8724670410156,630.0021990307505,1.6300021990307505,40,26.772196831719725,4.450165696761922,3.230002199030751
APPROACH_B,ABT,2024-12-11,112.01744079589844,5.356308765286211,600.0,1.6,2025-01-21,115.21965789794922,617.152063532064,1.617152063532064,41,13.934911468531823,2.3163084222958483,3.217152063532064
APPROACH_B,SCHW,2025-01-15,72.97539520263672,8.221949306803083,600.0,1.6,2025-01-21,80.17782592773438,659.2180203075139,1.659218020307514,6,55.95880228720637,9.301662614229782,3.259218020307514
APPROACH_B,DHR,2024-10-22,259.7048034667969,2.3103153734186117,600.0,1.6,2025-01-21,242.9219207763672,561.2262481100191,1.5612262481100192,91,-41.93497813809097,-6.970574823485866,3.1612262481100193
APPROACH_B,NVDA,2025-01-13,133.20098876953125,4.504471066938849,600.0,1.6,2025-01-22,147.03799438476562,662.3283914468936,1.6623283914468936,9,59.06606305544676,9.818162077035698,3.2623283914468937
APPROACH_B,ORCL,2024-12-13,171.68240356445312,3.4948252560708566,600.0,1.6,2025-01-22,182.8540802001953,639.0430576592486,1.6390430576592485,40,35.8040146015893,5.951465193083328,3.2390430576592486
APPROACH_B,LLY,2024-10-30,840.4030151367188,0.7139431786812314,600.0,1.6,2025-01-27,803.3646850585938,573.5567368909788,1.5735567368909789,89,-29.616819845912232,-4.923008618004028,3.173556736890979
APPROACH_B,COST,2025-01-02,906.3675537109375,0.6619830967507851,600.0,1.6,2025-01-27,961.5978393554688,636.5615155253972,1.6365615155253972,25,33.32495400987182,5.539387302172841,3.2365615155253975
APPROACH_B,KO,2024-10-23,66.02421569824219,9.087574818643006,600.0,1.6,2025-01-27,62.47538375854492,567.7497242292111,1.567749724229211,96,-35.41802549501813,-5.887304769783598,3.1677497242292114
APPROACH_B,BLK,2025-01-07,965.7373046875,0.621286966018313,600.0,1.6,2025-01-28,1035.0982666015625,643.0930615876997,1.6430930615876997,21,39.84996852611198,6.623997427877656,3.2430930615877
APPROACH_B,ABBV,2024-11-11,168.53697204589844,3.56004971915954,600.0,1.6,2025-01-31,179.3626708984375,638.5400261596875,1.6385400261596876,81,35.30148613352776,5.867933200386928,3.2385400261596877
APPROACH_B,AMGN,2024-09-25,302.7374267578125,1.9819155048840233,600.0,1.6,2025-02-03,281.75897216796875,558.4224755798832,1.5584224755798832,131,-44.73594689569666,-7.436161385587875,3.1584224755798833
APPROACH_B,MCD,2024-12-18,285.9556884765625,2.0982271875636327,600.0,1.6,2025-02-06,289.3768005371094,607.1782703371413,1.6071782703371413,50,3.97109206680409,0.660088441955467,3.2071782703371414
APPROACH_B,INTC,2024-12-04,21.959999084472656,27.32240551067438,600.0,1.6,2025-02-12,22.479999542236328,614.2076633727554,1.6142076633727553,70,10.993455709382602,1.8273696325436504,3.2142076633727554
APPROACH_B,PG,2024-12-31,163.3346710205078,3.6734393025756655,600.0,1.6,2025-02-13,167.63392639160156,615.7930536519852,1.6157930536519851,44,12.577260598333282,2.0906350728612506,3.215793053651985
APPROACH_B,AAPL,2025-01-16,227.4525604248047,2.6379127097070367,600.0,1.6,2025-02-14,244.00274658203125,643.6579464121654,1.6436579464121654,29,40.4142884657532,6.717800609333977,3.2436579464121653
APPROACH_B,MSFT,2025-01-21,221.85243225097656,2.7045004371249526,600.0,1.6,2025-02-14,244.00274658203125,659.9055347907926,1.6599055347907927,24,56.64562925600171,9.415829331117305,3.259905534790793
APPROACH_B,ORCL,2025-01-27,157.10641479492188,3.8190674822744013,600.0,1.6,2025-02-18,178.4668426513672,681.5769154340186,1.6815769154340185,22,78.29533851858457,13.014517705881742,3.2815769154340186
APPROACH_B,NVDA,2025-01-27,118.39421081542969,5.067815359108802,600.0,1.6,2025-02-20,140.07948303222656,709.8969556067385,1.7098969556067385,24,106.58705865113177,17.71726373855249,3.309896955606739
APPROACH_B,XOM,2024-12-04,111.19843292236328,5.395759492572248,600.0,1.6,2025-02-20,109.95470428466797,593.2891393969716,1.5932891393969717,78,-9.904149742425375,-1.646301486440388,3.193289139396972
APPROACH_B,PG,2025-02-14,159.66490173339844,3.7578703490003966,600.0,1.6,2025-02-24,167.16342163085938,628.178465584058,1.628178465584058,10,24.950287118473966,4.14732166198038,3.228178465584058
APPROACH_B,PEP,2024-10-25,165.3961944580078,3.627652993868206,600.0,1.6,2025-02-25,151.8805694580078,550.97000250475,1.5509700025047501,123,-52.18096749775475,-8.673698054812958,3.1509700025047502
APPROACH_B,TJX,2025-02-21,120.33524322509766,4.986070447189334,600.0,1.6,2025-02-26,124.091064453125,618.7267892299934,1.6187267892299935,5,15.50806244076341,2.5778029323077476,3.2187267892299936
APPROACH_B,DIS,2025-02-10,108.81596374511719,5.513896852537166,600.0,1.6,2025-02-28,113.3167724609375,624.8169950120335,1.6248169950120337,18,21.592178017021524,3.589125335276184,3.224816995012034
APPROACH_B,NEE,2024-10-29,77.15865325927734,7.776185491260602,600.0,1.6,2025-03-07,71.6910400390625,557.4828254051407,1.5574828254051407,129,-45.67465742026445,-7.592197044591831,3.1574828254051406
APPROACH_B,BA,2025-03-03,170.05999755859375,3.5281665801110664,600.0,1.6,2025-03-21,178.11000061035156,628.401751737004,1.628401751737004,18,25.17334998526701,4.18439993106167,3.228401751737004
APPROACH_B,SCHW,2025-03-04,74.69880676269531,8.032256819122857,600.0,1.6,2025-03-24,79.47991943359375,638.4031248538187,1.6384031248538187,20,35.16472172896488,5.845199755479534,3.2384031248538188
APPROACH_B,TJX,2025-03-04,120.96121215820312,4.960267752734406,600.0,1.6,2025-04-02,124.13080596923828,615.7220339701443,1.6157220339701444,29,12.50631193617403,2.0788417447097784,3.2157220339701444
APPROACH_B,WMT,2025-03-07,91.03557586669922,6.590829950683926,600.0,1.6,2025-04-30,96.78936767578125,637.9222633852977,1.6379222633852977,54,34.684341121912325,5.765349255637022,3.2379222633852978
APPROACH_B,COST,2025-03-24,923.5554809570312,0.6496631901077042,600.0,1.6,2025-05-02,1006.905029296875,654.1491334684993,1.6541491334684992,39,50.8949843350307,8.459937555689944,3.2541491334684993
APPROACH_B,JPM,2025-03-21,237.84304809570312,2.5226720091418118,600.0,1.6,2025-05-08,251.03427124023438,633.2771293930526,1.6332771293930528,48,30.043852263659574,4.99399140020937,3.233277129393053
APPROACH_B,MS,2025-03-04,246.3279571533203,2.435777111676146,600.0,1.6,2025-05-08,251.03427124023438,611.4635321332643,1.6114635321332642,65,8.252068601130986,1.3716869350284218,3.2114635321332643
APPROACH_B,AXP,2025-02-21,292.9388427734375,2.0482090880110677,600.0,1.6,2025-05-08,282.23052978515625,578.0671360201354,1.5780671360201355,76,-25.110931115884682,-4.174024454103171,3.1780671360201356
APPROACH_B,DIS,2025-03-04,108.54711151123047,5.527553811857287,600.0,1.6,2025-05-08,104.67362976074219,578.5891211849289,1.5785891211849288,65,-24.58946793625603,-4.087345069191494,3.178589121184929
APPROACH_B,NVDA,2025-02-24,130.2516326904297,4.606468169393514,600.0,1.6,2025-05-12,122.98452758789062,566.5243116615167,1.5665243116615166,77,-36.64221265014487,-6.0907933261544,3.166524311661517
APPROACH_B,GOOGL,2025-04-02,196.00999450683594,3.061068398627371,600.0,1.6,2025-05-12,208.63999938964844,638.6613088212868,1.6386613088212867,40,35.42264751246546,5.888073057258221,3.2386613088212868
APPROACH_B,AMZN,2025-02-21,216.5800018310547,2.770338881371124,600.0,1.6,2025-05-12,208.63999938964844,578.0035025183906,1.5780035025183907,80,-25.174500984127803,-4.184591254010606,3.178003502518391
APPROACH_B,ORCL,2025-02-21,166.5657501220703,3.6021811180286503,600.0,1.6,2025-05-12,156.61485290527344,564.1550659382104,1.5641550659382104,80,-39.00908912772775,-6.484223591710064,3.1641550659382105
APPROACH_B,AMD,2024-10-31,144.07000732421875,4.164641976103638,600.0,1.6,2025-05-12,108.12000274658203,450.2811018948562,1.4502811018948563,193,-152.7691792070387,-25.39381303308489,3.050281101894856
APPROACH_B,BAC,2025-02-20,44.5046501159668,13.481737266478135,600.0,1.6,2025-05-12,42.8675422668457,577.9289421012603,1.5779289421012603,81,-25.248986840840985,-4.196972546682344,3.1779289421012606
APPROACH_B,CAT,2025-01-31,367.2557678222656,1.6337388070386183,600.0,1.6,2025-05-12,340.3219299316406,555.9971438155987,1.5559971438155986,101,-47.15885332821688,-7.8389051409934964,3.1559971438155987
APPROACH_B,AMAT,2025-02-14,167.85142517089844,3.57458984568709,600.0,1.6,2025-05-12,167.0349578857422,597.0814643331448,1.5970814643331448,87,-6.115617131188401,-1.0165586986682846,3.197081464333145
APPROACH_B,C,2025-03-04,71.30706787109375,8.414313165767208,600.0,1.6,2025-05-12,74.4205551147461,626.1978567057122,1.626197856705712,69,22.971658849006417,3.8184273352736726,3.226197856705712
APPROACH_B,BLK,2025-02-03,998.221923828125,0.601068746014948,600.0,1.6,2025-05-12,948.5050048828125,570.1167138738142,1.5701167138738144,98,-33.053402840059675,-5.4942491422971536,3.1701167138738144
APPROACH_B,KO,2025-05-12,68.51368713378906,8.757374257618906,600.0,1.6,2025-05-15,70.56328582763672,617.9491028399508,1.6179491028399509,3,14.731153737110844,2.4486625227910315,3.2179491028399507
APPROACH_B,ABT,2025-05-14,127.41889953613281,4.708877585541029,600.0,1.6,2025-05-15,132.16639709472656,622.3553848410729,1.622355384841073,1,19.13302945623184,3.1803572899321537,3.222355384841073
APPROACH_B,PG,2025-05-02,158.32257080078125,3.7897312869874096,600.0,1.6,2025-05-27,165.46347045898438,627.0620908519301,1.62706209085193,25,23.835028761078092,3.9619396211898423,3.22706209085193
APPROACH_B,GILD,2025-05-12,102.3770751953125,5.860687061584193,600.0,1.6,2025-05-29,109.56575775146484,642.1306188466781,1.6421306188466782,17,38.88848822783143,6.464176899573043,3.2421306188466783
APPROACH_B,NEE,2025-05-22,65.89315032958984,9.105650541807002,600.0,1.6,2025-06-03,70.40555572509766,641.0883866344585,1.6410883866344586,12,37.84729824782403,6.291106756619685,3.2410883866344586
APPROACH_B,INTC,2025-05-22,20.549999237060547,29.197081375941863,600.0,1.6,2025-06-10,22.079999923706055,644.6715545532359,1.644671554553236,19,41.42688299868257,6.88611751972782,3.244671554553236
APPROACH_B,DHR,2025-01-29,222.64111328125,2.6949200493893226,600.0,1.6,2025-06-10,201.94140625,544.2159445049992,1.5442159445049992,132,-58.92827143950581,-9.79525788555615,3.1442159445049995
APPROACH_B,LLY,2025-05-08,748.2694091796875,0.8018502328696929,600.0,1.6,2025-06-12,810.2503662109375,649.6994448289942,1.649699444828994,35,46.44974538416511,7.721034804548722,3.249699444828994
APPROACH_B,XOM,2025-04-30,103.7010269165039,5.785863629712144,600.0,1.6,2025-06-12,108.71833801269531,629.029477790405,1.629029477790405,43,25.800448312614662,4.288638349836214,3.229029477790405
APPROACH_B,AMGN,2025-05-08,267.496826171875,2.2430172671076156,600.0,1.6,2025-06-12,294.897705078125,661.4606445206435,1.6614606445206435,35,58.1991838761229,9.674066468770429,3.2614606445206435
APPROACH_B,INTC,2025-06-13,20.139999389648438,29.79146068437262,600.0,1.6,2025-06-18,21.489999771118164,640.2184832884434,1.6402184832884434,5,36.978264805154936,6.14665305936751,3.2402184832884435
APPROACH_B,BSX,2025-06-12,98.55999755859375,6.087662488458373,600.0,1.6,2025-06-24,104.12000274658203,633.8474350185502,1.6338474350185503,12,30.613587583531626,5.0886947446029955,3.2338474350185504
APPROACH_B,AAPL,2025-03-04,235.35391235351562,2.5493521395079433,600.0,1.6,2025-06-30,204.93740844726562,522.4576206902499,1.52245762069025,118,-80.6648369304404,-13.408383798277992,3.12245762069025
APPROACH_B,MSFT,2025-03-04,235.35391235351562,2.5493521395079433,600.0,1.6,2025-06-30,204.93740844726562,522.4576206902499,1.52245762069025,118,-80.6648369304404,-13.408383798277992,3.12245762069025
APPROACH_B,ABBV,2025-05-08,182.6739501953125,3.2845405672702,600.0,1.6,2025-07-01,187.014892578125,614.2580013565301,1.6142580013565302,54,11.043743355173547,1.8357286162190072,3.21425800135653
APPROACH_B,KO,2025-06-17,69.09014129638672,8.684307033417209,600.0,1.6,2025-07-01,71.1245346069336,617.6672961355191,1.6176672961355192,14,14.449628839383536,2.4018664959081675,3.2176672961355193
APPROACH_B,AMGN,2025-06-23,270.2476806640625,2.220185566535328,600.0,1.6,2025-07-01,288.1821594238281,639.817870885766,1.639817870885766,8,36.5780530148802,6.080128493164926,3.239817870885766
APPROACH_B,TMO,2025-02-18,521.6386108398438,1.1502216046354268,600.0,1.6,2025-07-02,427.3763732910156,491.5775378700611,1.491577537870061,134,-111.51403966780896,-18.536243295845903,3.0915775378700614
APPROACH_B,PEP,2025-05-08,128.74411010742188,4.660407373194551,600.0,1.6,2025-07-02,135.1578369140625,629.8905796993236,1.6298905796993237,55,26.66068911962418,4.4316305052566785,3.229890579699324
APPROACH_B,TMO,2025-07-21,404.5768127441406,1.4830311107805563,600.0,1.6,2025-07-22,427.2364807128906,633.6049925576139,1.633604992557614,1,30.37138756505624,5.048435433021316,3.233604992557614
APPROACH_B,DHR,2025-07-15,192.5198974609375,3.1165609784398556,600.0,1.6,2025-07-24,202.4523468017578,630.9550840359313,1.6309550840359313,9,27.72412895189541,4.608399094397508,3.2309550840359313
APPROACH_B,WMT,2025-07-10,94.63896179199219,6.339883581127457,600.0,1.6,2025-07-29,98.10087585449219,621.9481321241179,1.621948132124118,19,18.72618399199382,3.112730051860675,3.221948132124118
APPROACH_B,TJX,2025-06-13,123.51729583740234,4.8576192988376095,600.0,1.6,2025-08-04,128.8104705810547,625.7122277868854,1.6257122277868854,52,22.486515559098507,3.7377851660735546,3.2257122277868855
APPROACH_B,AAPL,2025-08-01,202.1505889892578,2.9680843523630975,600.0,1.6,2025-08-06,213.0082550048828,632.2264686041611,1.6322264686041612,5,28.994242135556988,4.819521631575297,3.2322264686041615
APPROACH_B,MSFT,2025-08-01,202.1505889892578,2.9680843523630975,600.0,1.6,2025-08-06,213.0082550048828,632.2264686041611,1.6322264686041612,5,28.994242135556988,4.819521631575297,3.2322264686041615
APPROACH_B,MCD,2025-06-09,303.0594482421875,1.9798095834996534,600.0,1.6,2025-08-06,305.9231872558594,605.6696579439094,1.6056696579439094,58,2.4639882859654563,0.40957252093840696,3.2056696579439095
APPROACH_B,ABT,2025-07-17,119.97649383544922,5.000979615414625,600.0,1.6,2025-08-08,133.68553161621094,668.5586184885383,1.6685586184885381,22,65.29005987004973,10.852736015633266,3.2685586184885382
APPROACH_B,KO,2025-07-08,69.70541381835938,8.607652793848974,600.0,1.6,2025-08-11,70.21153259277344,604.3564946826045,1.6043564946826046,34,1.152138187921878,0.19151233176892918,3.204356494682605
APPROACH_B,BAC,2025-08-07,44.67152786254883,13.431374047607195,600.0,1.6,2025-08-12,47.23725891113281,634.4612934190909,1.634461293419091,5,31.226832125671763,5.190630340038524,3.2344612934190913
APPROACH_B,INTC,2025-07-25,20.700000762939453,28.985506178058635,600.0,1.6,2025-08-13,22.219999313354492,644.0579273736953,1.6440579273736953,19,40.81386944632152,6.78422032019972,3.2440579273736954
APPROACH_B,NEE,2025-08-01,69.85977935791016,8.588632908873661,600.0000000000001,1.6,2025-08-15,74.83133697509766,642.6988833593382,1.6426988833593383,14,39.456184475978716,6.558541302523056,3.2426988833593384
APPROACH_B,AMGN,2025-08-12,282.686767578125,2.1224905754889303,600.0,1.6,2025-08-15,294.08428955078125,624.1911329708909,1.624191132970891,3,20.96694183791999,3.4851964491223386,3.224191132970891
APPROACH_B,KO,2025-08-14,69.02067565917969,8.693047326322436,600.0,1.6,2025-08-20,70.16191101074219,609.920812921605,1.609920812921605,6,6.710892108683424,1.115507331895516,3.209920812921605
APPROACH_B,BSX,2025-08-11,102.75,5.839416058394161,600.0,1.6,2025-08-20,106.05000305175781,619.2700908131843,1.6192700908131843,9,16.0508207223711,2.668022061564345,3.2192700908131844
APPROACH_B,XOM,2025-08-06,105.52802276611328,5.685693565298842,600.0,1.6,2025-08-22,111.27999877929688,632.7039730059113,1.6327039730059112,16,29.471269032905298,4.898814666373886,3.2327039730059113
APPROACH_B,AXP,2025-08-01,293.5262451171875,2.044110228577536,600.0,1.6,2025-08-22,318.3533630371094,650.7493656862129,1.6507493656862129,21,47.498616320526594,7.895381702215191,3.2507493656862128
APPROACH_B,WMT,2025-08-25,96.06999969482422,6.245446048776506,600.0,1.6,2025-09-03,99.44000244140625,621.0471703380067,1.6210471703380067,9,17.826123167668698,2.963118877604504,3.221047170338007
APPROACH_B,PG,2025-06-11,159.8908233642578,3.7525605746184727,600.0,1.6,2025-09-03,157.0716094970703,589.4207291905745,1.5894207291905746,84,-13.768691538616054,-2.2886787796901684,3.1894207291905747
APPROACH_B,ABT,2025-08-13,128.82713317871094,4.657403958276949,600.0,1.6,2025-09-05,132.35147094726562,616.4142646735716,1.6164142646735715,23,13.19785040889792,2.193791623819468,3.2164142646735714
APPROACH_B,COST,2025-07-08,984.4761352539062,0.6094611931301454,600.0,1.6,2025-09-09,979.25,596.8148733726948,1.5968148733726948,63,-6.381941500677954,-1.0608280420009897,3.196814873372695
APPROACH_B,ABT,2025-09-10,128.7873077392578,4.658844186841433,600.0,1.6,2025-09-11,132.062744140625,615.2597478378783,1.6152597478378783,1,12.044488090040431,2.0020758128391676,3.2152597478378784
APPROACH_B,AMAT,2025-08-15,161.29769897460938,3.7198298786298793,600.0,1.6,2025-09-18,189.75999450683594,705.8748973351701,1.70587489733517,34,102.56902243783486,17.049372080757124,3.30587489733517
APPROACH_B,IBM,2025-07-24,258.760498046875,2.318746503151763,600.0,1.6,2025-09-22,271.3699951171875,629.2382272382895,1.6292382272382895,60,26.0089890110512,4.323302694656117,3.2292382272382896
APPROACH_B,NEE,2025-09-04,70.87000274658203,8.466205400689606,600.0,1.6,2025-09-24,73.83000183105469,625.0599602349987,1.6250599602349987,20,21.83490027476364,3.6294714552466156,3.225059960234999
APPROACH_B,SCHW,2025-09-05,92.05000305175781,6.518196416165597,600.0,1.6,2025-09-29,96.88999938964844,631.5480467838933,1.6315480467838932,24,28.316498737109328,4.706864816673758,3.2315480467838933
APPROACH_B,LLY,2025-07-31,738.4480590820312,0.8125148310984299,600.0,1.6,2025-09-30,763.0,619.9488161281021,1.619948816128102,61,16.728867311973886,2.7807292739318297,3.219948816128102
APPROACH_B,CSCO,2025-09-05,66.49846649169922,9.022764458408917,600.0,1.6,2025-10-01,68.33735656738281,616.5918720177988,1.6165918720177987,26,13.375280145780948,2.2232845987002903,3.2165918720177986
APPROACH_B,DHR,2025-09-09,193.9873046875,3.0929859093952468,600.0,1.6,2025-10-01,212.8800048828125,658.4348554945304,1.6584348554945305,22,55.17642063903588,9.171612473243997,3.2584348554945306
APPROACH_B,AMGN,2025-08-28,285.6099853515625,2.1007668876193146,600.0,1.6,2025-10-01,298.5,627.0789159543655,1.6270789159543655,34,23.851837038411077,3.9647335502677987,3.2270789159543654
APPROACH_B,GILD,2025-09-25,110.98999786376953,5.40589252678829,600.0,1.6,2025-10-07,116.77999877929688,631.3001226793466,1.6313001226793467,12,28.068822556667214,4.665695238807714,3.2313001226793467
APPROACH_B,PEP,2025-10-06,139.6999969482422,4.294917774567279,600.0,1.6,2025-10-10,150.0800018310547,644.5812674712865,1.6445812674712865,4,41.33668620381525,6.8711247014320564,3.2445812674712866
APPROACH_B,WFC,2025-10-10,77.62000274658203,7.729966229953796,600.0,1.6,2025-10-14,84.55999755859375,653.6459255329052,1.653645925532905,4,50.39227960737219,8.376376264523303,3.253645925532905
APPROACH_B,C,2025-10-10,93.93000030517578,6.38773552699476,600.0,1.6,2025-10-14,99.83999633789062,637.7514916225707,1.6377514916225708,4,34.51374013094812,5.736991378149621,3.237751491622571
APPROACH_B,KO,2025-08-25,68.40538787841797,8.771238912736305,600.0,1.6,2025-10-17,68.44000244140625,600.3036126018302,1.6003036126018302,53,-2.896691010771633,-0.48149784088624215,3.2003036126018305
APPROACH_B,MCD,2025-10-01,300.5199890136719,1.9965394048137795,600.0,1.6,2025-10-17,308.0899963378906,615.1138179175316,1.6151138179175315,16,11.898704099614065,1.977843101664572,3.2151138179175316
APPROACH_B,ISRG,2025-07-11,512.0599975585938,1.171737692576432,600.0,1.6,2025-10-22,527.030029296875,617.5409504468097,1.6175409504468097,103,14.323409496362842,2.380885887028398,3.2175409504468098
APPROACH_B,BSX,2025-09-12,102.70999908447266,5.841690247767765,600.0,1.6,2025-10-22,103.8499984741211,606.6595233169705,1.6066595233169707,40,3.4528637936535915,0.5739467742110358,3.206659523316971
APPROACH_B,COF,2025-09-30,212.5800018310547,2.822466811703401,600.0,1.6,2025-10-24,225.00999450683594,635.0832417971089,1.6350832417971088,24,31.848158555311784,5.2939093343270915,3.235083241797109
