Trade number,Instrument,Account,Strategy,Market pos.,Qty,Entry price,Exit price,Entry time,Exit time,Entry name,Exit name,Profit,Cum. net profit,Commission,MAE,MFE,ETD,Bars,
1,ES DEC25,Backtest,CrabelPattern5_NQ,Long,1,1287.25,1290.75,5/14/2009 3:40:00 PM,5/14/2009 11:00:00 PM,Crabel_Pat5_Buy,Exit on session close,$169.24,$169.24,$5.76,$287.50,$525.00,$355.76,86,
2,ES DEC25,Backtest,CrabelPattern5_NQ,Long,1,1290.00,1286.00,5/22/2009 3:40:00 PM,5/22/2009 10:15:00 PM,Crabel_Pat5_Buy,Exit on session close,($205.76),($36.52),$5.76,$350.00,$325.00,$530.76,80,
3,ES DEC25,Backtest,CrabelPattern5_NQ,Long,1,1285.25,1291.25,5/25/2009 3:40:00 PM,5/25/2009 5:30:00 PM,Crabel_Pat5_Buy,Exit on session close,$294.24,$257.72,$5.76,$25.00,$312.50,$18.26,23,
4,ES DEC25,Backtest,CrabelPattern5_NQ,Long,1,1283.00,1310.00,5/26/2009 3:40:00 PM,5/26/2009 11:00:00 PM,Crabel_Pat5_Buy,Exit on session close,$1344.24,$1601.96,$5.76,$50.00,$1450.00,$105.76,86,
5,ES DEC25,Backtest,CrabelPattern5_NQ,Long,1,1311.50,1318.75,6/18/2009 3:40:00 PM,6/18/2009 11:00:00 PM,Crabel_Pat5_Buy,Exit on session close,$356.74,$1958.70,$5.76,$125.00,$587.50,$230.76,87,
6,ES DEC25,Backtest,CrabelPattern5_NQ,Long,1,1279.75,1279.75,7/10/2009 3:40:00 PM,7/10/2009 10:20:00 PM,Crabel_Pat5_Buy,Exit on session close,($5.76),$1952.94,$5.76,$275.00,$300.00,$305.76,81,
7,ES DEC25,Backtest,CrabelPattern5_NQ,Long,1,1401.00,1399.25,9/2/2009 3:40:00 PM,9/2/2009 11:00:00 PM,Crabel_Pat5_Buy,Exit on session close,($93.26),$1859.68,$5.76,$225.00,$212.50,$305.76,87,
8,ES DEC25,Backtest,CrabelPattern5_NQ,Long,1,1427.00,1432.00,10/2/2009 3:40:00 PM,10/2/2009 10:20:00 PM,Crabel_Pat5_Buy,Exit on session close,$244.24,$2103.92,$5.76,$75.00,$462.50,$218.26,81,
9,ES DEC25,Backtest,CrabelPattern5_NQ,Long,1,1435.00,1447.00,10/5/2009 3:40:00 PM,10/5/2009 11:00:00 PM,Crabel_Pat5_Buy,Exit on session close,$594.24,$2698.16,$5.76,$187.50,$675.00,$80.76,86,
10,ES DEC25,Backtest,CrabelPattern5_NQ,Long,1,1467.50,1448.25,10/28/2009 2:40:00 PM,10/28/2009 10:00:00 PM,Crabel_Pat5_Buy,Exit on session close,($968.26),$1729.90,$5.76,$1000.00,$137.50,$1105.76,86,
11,ES DEC25,Backtest,CrabelPattern5_NQ,Long,1,1456.75,1470.25,10/29/2009 2:40:00 PM,10/29/2009 10:00:00 PM,Crabel_Pat5_Buy,Exit on session close,$669.24,$2399.14,$5.76,$100.00,$862.50,$193.26,86,
12,ES DEC25,Backtest,CrabelPattern5_NQ,Long,1,1512.50,1508.50,1/25/2010 3:40:00 PM,1/25/2010 11:00:00 PM,Crabel_Pat5_Buy,Exit on session close,($205.76),$2193.38,$5.76,$387.50,$100.00,$305.76,86,
13,ES DEC25,Backtest,CrabelPattern5_NQ,Long,1,1503.25,1504.00,1/26/2010 3:40:00 PM,1/26/2010 11:00:00 PM,Crabel_Pat5_Buy,Exit on session close,$31.74,$2225.12,$5.76,$137.50,$587.50,$555.76,86,
14,ES DEC25,Backtest,CrabelPattern5_NQ,Long,1,1540.75,1527.25,5/7/2010 3:40:00 PM,5/7/2010 10:15:00 PM,Crabel_Pat5_Buy,Exit on session close,($680.76),$1544.36,$5.76,$1512.50,$587.50,$1268.26,80,
15,ES DEC25,Backtest,CrabelPattern5_NQ,Long,1,1535.25,1534.75,5/19/2010 3:40:00 PM,5/19/2010 11:00:00 PM,Crabel_Pat5_Buy,Exit on session close,($30.76),$1513.60,$5.76,$837.50,$362.50,$393.26,86,
16,ES DEC25,Backtest,CrabelPattern5_NQ,Long,1,1509.50,1485.00,5/20/2010 3:40:00 PM,5/20/2010 11:00:00 PM,Crabel_Pat5_Buy,Exit on session close,($1230.76),$282.84,$5.76,$1337.50,$212.50,$1443.26,86,
17,ES DEC25,Backtest,CrabelPattern5_NQ,Long,1,1474.50,1504.25,5/21/2010 3:40:00 PM,5/21/2010 10:15:00 PM,Crabel_Pat5_Buy,Exit on session close,$1481.74,$1764.58,$5.76,$25.00,$1700.00,$218.26,80,
18,ES DEC25,Backtest,CrabelPattern5_NQ,Long,1,1494.50,1498.50,6/25/2010 3:40:00 PM,6/25/2010 10:15:00 PM,Crabel_Pat5_Buy,Exit on session close,$194.24,$1958.82,$5.76,$400.00,$437.50,$243.26,80,
19,ES DEC25,Backtest,CrabelPattern5_NQ,Long,1,1449.50,1445.50,7/1/2010 3:40:00 PM,7/1/2010 11:00:00 PM,Crabel_Pat5_Buy,Exit on session close,($205.76),$1753.06,$5.76,$987.50,$200.00,$405.76,86,
20,ES DEC25,Backtest,CrabelPattern5_NQ,Long,1,1438.00,1435.75,7/5/2010 3:40:00 PM,7/5/2010 5:30:00 PM,Crabel_Pat5_Buy,Exit on session close,($118.26),$1634.80,$5.76,$150.00,$0.00,$118.26,23,
21,ES DEC25,Backtest,CrabelPattern5_NQ,Long,1,1479.25,1505.25,7/20/2010 3:40:00 PM,7/20/2010 11:00:00 PM,Crabel_Pat5_Buy,Exit on session close,$1294.24,$2929.04,$5.76,$125.00,$1475.00,$180.76,86,
22,ES DEC25,Backtest,CrabelPattern5_NQ,Long,1,1540.00,1543.25,8/10/2010 3:40:00 PM,8/10/2010 11:00:00 PM,Crabel_Pat5_Buy,Exit on session close,$156.74,$3085.78,$5.76,$400.00,$412.50,$255.76,86,
23,ES DEC25,Backtest,CrabelPattern5_NQ,Long,1,1505.25,1499.50,8/13/2010 3:40:00 PM,8/13/2010 10:15:00 PM,Crabel_Pat5_Buy,Exit on session close,($293.26),$2792.52,$5.76,$300.00,$137.50,$430.76,80,
24,ES DEC25,Backtest,CrabelPattern5_NQ,Long,1,1493.75,1501.00,8/16/2010 3:40:00 PM,8/16/2010 11:00:00 PM,Crabel_Pat5_Buy,Exit on session close,$356.74,$3149.26,$5.76,$50.00,$537.50,$180.76,86,
25,ES DEC25,Backtest,CrabelPattern5_NQ,Long,1,1477.00,1471.75,8/24/2010 3:40:00 PM,8/24/2010 11:00:00 PM,Crabel_Pat5_Buy,Exit on session close,($268.26),$2881.00,$5.76,$462.50,$250.00,$518.26,86,
26,ES DEC25,Backtest,CrabelPattern5_NQ,Long,1,1469.50,1479.00,8/25/2010 3:40:00 PM,8/25/2010 11:00:00 PM,Crabel_Pat5_Buy,Exit on session close,$469.24,$3350.24,$5.76,$437.50,$600.00,$130.76,86,
27,ES DEC25,Backtest,CrabelPattern5_NQ,Long,1,1634.25,1639.00,11/11/2010 3:40:00 PM,11/11/2010 11:00:00 PM,Crabel_Pat5_Buy,Exit on session close,$231.74,$3581.98,$5.76,$175.00,$387.50,$155.76,86,
28,ES DEC25,Backtest,CrabelPattern5_NQ,Long,1,1614.00,1604.75,11/16/2010 3:40:00 PM,11/16/2010 11:00:00 PM,Crabel_Pat5_Buy,Exit on session close,($468.26),$3113.72,$5.76,$712.50,$237.50,$705.76,86,
29,ES DEC25,Backtest,CrabelPattern5_NQ,Long,1,1737.50,1736.00,2/24/2011 3:40:00 PM,2/24/2011 11:00:00 PM,Crabel_Pat5_Buy,Exit on session close,($80.76),$3032.96,$5.76,$562.50,$312.50,$393.26,86,
30,ES DEC25,Backtest,CrabelPattern5_NQ,Long,1,1708.50,1706.50,3/17/2011 2:40:00 PM,3/17/2011 10:00:00 PM,Crabel_Pat5_Buy,Exit on session close,($105.76),$2927.20,$5.76,$412.50,$237.50,$343.26,86,
31,ES DEC25,Backtest,CrabelPattern5_NQ,Long,1,1750.50,1747.75,4/12/2011 3:40:00 PM,4/12/2011 11:00:00 PM,Crabel_Pat5_Buy,Exit on session close,($143.26),$2783.94,$5.76,$325.00,$187.50,$330.76,86,
32,ES DEC25,Backtest,CrabelPattern5_NQ,Long,1,1754.50,1747.25,4/13/2011 3:40:00 PM,4/13/2011 11:00:00 PM,Crabel_Pat5_Buy,Exit on session close,($368.26),$2415.68,$5.76,$537.50,$75.00,$443.26,86,
33,ES DEC25,Backtest,CrabelPattern5_NQ,Long,1,1741.75,1749.25,4/14/2011 3:40:00 PM,4/14/2011 11:00:00 PM,Crabel_Pat5_Buy,Exit on session close,$369.24,$2784.92,$5.76,$237.50,$512.50,$143.26,86,
34,ES DEC25,Backtest,CrabelPattern5_NQ,Long,1,1773.25,1773.75,5/5/2011 3:40:00 PM,5/5/2011 11:00:00 PM,Crabel_Pat5_Buy,Exit on session close,$19.24,$2804.16,$5.76,$462.50,$512.50,$493.26,86,
35,ES DEC25,Backtest,CrabelPattern5_NQ,Long,1,1749.00,1755.00,5/25/2011 3:40:00 PM,5/25/2011 11:00:00 PM,Crabel_Pat5_Buy,Exit on session close,$294.24,$3098.40,$5.76,$37.50,$712.50,$418.26,87,
36,ES DEC25,Backtest,CrabelPattern5_NQ,Long,1,1735.00,1723.75,6/6/2011 3:40:00 PM,6/6/2011 11:00:00 PM,Crabel_Pat5_Buy,Exit on session close,($568.26),$2530.14,$5.76,$650.00,$100.00,$668.26,86,
37,ES DEC25,Backtest,CrabelPattern5_NQ,Long,1,1729.75,1724.50,6/7/2011 3:40:00 PM,6/7/2011 11:00:00 PM,Crabel_Pat5_Buy,Exit on session close,($268.26),$2261.88,$5.76,$425.00,$225.00,$493.26,86,
38,ES DEC25,Backtest,CrabelPattern5_NQ,Long,1,1721.50,1714.25,6/8/2011 3:40:00 PM,6/8/2011 11:00:00 PM,Crabel_Pat5_Buy,Exit on session close,($368.26),$1893.62,$5.76,$375.00,$187.50,$555.76,86,
39,ES DEC25,Backtest,CrabelPattern5_NQ,Long,1,1719.00,1726.25,6/9/2011 3:40:00 PM,6/9/2011 11:00:00 PM,Crabel_Pat5_Buy,Exit on session close,$356.74,$2250.36,$5.76,$50.00,$687.50,$330.76,86,
40,ES DEC25,Backtest,CrabelPattern5_NQ,Long,1,1707.75,1722.00,6/27/2011 3:40:00 PM,6/27/2011 11:00:00 PM,Crabel_Pat5_Buy,Exit on session close,$706.74,$2957.10,$5.76,$87.50,$825.00,$118.26,86,
41,ES DEC25,Backtest,CrabelPattern5_NQ,Long,1,1761.00,1756.75,7/13/2011 3:40:00 PM,7/13/2011 11:00:00 PM,Crabel_Pat5_Buy,Exit on session close,($218.26),$2738.84,$5.76,$312.50,$550.00,$768.26,86,
42,ES DEC25,Backtest,CrabelPattern5_NQ,Long,1,1762.75,1744.75,7/27/2011 3:40:00 PM,7/27/2011 11:00:00 PM,Crabel_Pat5_Buy,Exit on session close,($905.76),$1833.08,$5.76,$1025.00,$50.00,$955.76,86,
43,ES DEC25,Backtest,CrabelPattern5_NQ,Long,1,1746.75,1742.75,7/28/2011 3:40:00 PM,7/28/2011 11:00:00 PM,Crabel_Pat5_Buy,Exit on session close,($205.76),$1627.32,$5.76,$362.50,$525.00,$730.76,86,
44,ES DEC25,Backtest,CrabelPattern5_NQ,Long,1,1728.00,1736.75,7/29/2011 3:40:00 PM,7/29/2011 10:15:00 PM,Crabel_Pat5_Buy,Exit on session close,$431.74,$2059.06,$5.76,$262.50,$850.00,$418.26,80,
45,ES DEC25,Backtest,CrabelPattern5_NQ,Long,1,1718.50,1690.50,8/2/2011 3:40:00 PM,8/2/2011 11:00:00 PM,Crabel_Pat5_Buy,Exit on session close,($1405.76),$653.30,$5.76,$1437.50,$287.50,$1693.26,86,
46,ES DEC25,Backtest,CrabelPattern5_NQ,Long,1,1695.50,1699.00,8/3/2011 3:40:00 PM,8/3/2011 11:00:00 PM,Crabel_Pat5_Buy,Exit on session close,$169.24,$822.54,$5.76,$1050.00,$337.50,$168.26,87,
47,ES DEC25,Backtest,CrabelPattern5_NQ,Long,1,1683.50,1639.75,8/4/2011 3:40:00 PM,8/4/2011 11:00:00 PM,Crabel_Pat5_Buy,Exit on session close,($2193.26),($1370.72),$5.76,$2300.00,$87.50,$2280.76,86,
48,ES DEC25,Backtest,CrabelPattern5_NQ,Long,1,1574.75,1617.50,8/9/2011 3:40:00 PM,8/9/2011 11:00:00 PM,Crabel_Pat5_Buy,Exit on session close,$2131.74,$761.02,$5.76,$1675.00,$2250.00,$118.26,86,
49,ES DEC25,Backtest,CrabelPattern5_NQ,Long,1,1573.00,1568.00,8/19/2011 3:40:00 PM,8/19/2011 10:15:00 PM,Crabel_Pat5_Buy,Exit on session close,($255.76),$505.26,$5.76,$487.50,$1225.00,$1480.76,80,
50,ES DEC25,Backtest,CrabelPattern5_NQ,Long,1,1586.00,1609.50,9/6/2011 3:40:00 PM,9/6/2011 11:00:00 PM,Crabel_Pat5_Buy,Exit on session close,$1169.24,$1674.50,$5.76,$175.00,$1237.50,$68.26,86,
51,ES DEC25,Backtest,CrabelPattern5_NQ,Long,1,1576.75,1577.75,9/22/2011 3:40:00 PM,9/22/2011 11:00:00 PM,Crabel_Pat5_Buy,Exit on session close,$44.24,$1718.74,$5.76,$1012.50,$450.00,$405.76,86,
52,ES DEC25,Backtest,CrabelPattern5_NQ,Long,1,1570.25,1580.50,9/23/2011 3:40:00 PM,9/23/2011 10:15:00 PM,Crabel_Pat5_Buy,Exit on session close,$506.74,$2225.48,$5.76,$237.50,$750.00,$243.26,80,
53,ES DEC25,Backtest,CrabelPattern5_NQ,Long,1,1683.00,1684.75,11/2/2011 2:40:00 PM,11/2/2011 10:00:00 PM,Crabel_Pat5_Buy,Exit on session close,$81.74,$2307.22,$5.76,$550.00,$275.00,$193.26,86,
54,ES DEC25,Backtest,CrabelPattern5_NQ,Long,1,1645.25,1637.75,11/21/2011 3:40:00 PM,11/21/2011 11:00:00 PM,Crabel_Pat5_Buy,Exit on session close,($380.76),$1926.46,$5.76,$750.00,$62.50,$443.26,86,
55,ES DEC25,Backtest,CrabelPattern5_NQ,Long,1,1639.00,1632.50,11/22/2011 3:40:00 PM,11/22/2011 11:00:00 PM,Crabel_Pat5_Buy,Exit on session close,($330.76),$1595.70,$5.76,$500.00,$300.00,$630.76,87,
56,ES DEC25,Backtest,CrabelPattern5_NQ,Long,1,1623.75,1609.50,11/23/2011 3:40:00 PM,11/23/2011 11:00:00 PM,Crabel_Pat5_Buy,Exit on session close,($718.26),$877.44,$5.76,$775.00,$112.50,$830.76,87,
57,ES DEC25,Backtest,CrabelPattern5_NQ,Long,1,1609.25,1609.00,11/24/2011 3:40:00 PM,11/24/2011 5:30:00 PM,Crabel_Pat5_Buy,Exit on session close,($18.26),$859.18,$5.76,$175.00,$200.00,$218.26,23,
58,ES DEC25,Backtest,CrabelPattern5_NQ,Long,1,1611.25,1603.25,11/25/2011 3:40:00 PM,11/25/2011 7:15:00 PM,Crabel_Pat5_Buy,Exit on session close,($405.76),$453.42,$5.76,$612.50,$487.50,$893.26,44,
59,ES DEC25,Backtest,CrabelPattern5_NQ,Long,1,1673.25,1667.00,12/15/2011 3:40:00 PM,12/15/2011 11:00:00 PM,Crabel_Pat5_Buy,Exit on session close,($318.26),$135.16,$5.76,$487.50,$125.00,$443.26,86,
60,ES DEC25,Backtest,CrabelPattern5_NQ,Long,1,1801.25,1807.50,3/7/2012 3:40:00 PM,3/7/2012 11:00:00 PM,Crabel_Pat5_Buy,Exit on session close,$306.74,$441.90,$5.76,$62.50,$437.50,$130.76,86,
61,ES DEC25,Backtest,CrabelPattern5_NQ,Long,1,1848.25,1855.50,3/23/2012 2:40:00 PM,3/23/2012 9:15:00 PM,Crabel_Pat5_Buy,Exit on session close,$356.74,$798.64,$5.76,$325.00,$375.00,$18.26,80,
62,ES DEC25,Backtest,CrabelPattern5_NQ,Long,1,1837.25,1836.50,4/9/2012 3:40:00 PM,4/9/2012 11:00:00 PM,Crabel_Pat5_Buy,Exit on session close,($43.26),$755.38,$5.76,$137.50,$337.50,$380.76,87,
63,ES DEC25,Backtest,CrabelPattern5_NQ,Long,1,1837.75,1820.50,4/10/2012 3:40:00 PM,4/10/2012 11:00:00 PM,Crabel_Pat5_Buy,Exit on session close,($868.26),($112.88),$5.76,$1200.00,$100.00,$968.26,86,
64,ES DEC25,Backtest,CrabelPattern5_NQ,Long,1,1828.00,1826.75,4/11/2012 3:40:00 PM,4/11/2012 11:00:00 PM,Crabel_Pat5_Buy,Exit on session close,($68.26),($181.14),$5.76,$212.50,$187.50,$255.76,86,
65,ES DEC25,Backtest,CrabelPattern5_NQ,Long,1,1820.00,1825.50,4/23/2012 3:40:00 PM,4/23/2012 11:00:00 PM,Crabel_Pat5_Buy,Exit on session close,$269.24,$88.10,$5.76,$237.50,$287.50,$18.26,86,
66,ES DEC25,Backtest,CrabelPattern5_NQ,Long,1,1822.75,1827.75,5/7/2012 3:40:00 PM,5/7/2012 11:00:00 PM,Crabel_Pat5_Buy,Exit on session close,$244.24,$332.34,$5.76,$87.50,$437.50,$193.26,86,
67,ES DEC25,Backtest,CrabelPattern5_NQ,Long,1,1818.75,1821.25,5/8/2012 3:40:00 PM,5/8/2012 11:00:00 PM,Crabel_Pat5_Buy,Exit on session close,$119.24,$451.58,$5.76,$687.50,$237.50,$118.26,86,
68,ES DEC25,Backtest,CrabelPattern5_NQ,Long,1,1809.50,1811.25,5/11/2012 3:40:00 PM,5/11/2012 10:15:00 PM,Crabel_Pat5_Buy,Exit on session close,$81.74,$533.32,$5.76,$50.00,$750.00,$668.26,80,
69,ES DEC25,Backtest,CrabelPattern5_NQ,Long,1,1796.25,1784.50,5/16/2012 3:40:00 PM,5/16/2012 11:00:00 PM,Crabel_Pat5_Buy,Exit on session close,($593.26),($59.94),$5.76,$662.50,$237.50,$830.76,87,
70,ES DEC25,Backtest,CrabelPattern5_NQ,Long,1,1784.00,1764.25,5/17/2012 3:40:00 PM,5/17/2012 11:00:00 PM,Crabel_Pat5_Buy,Exit on session close,($993.26),($1053.20),$5.76,$1150.00,$0.00,$993.26,86,
71,ES DEC25,Backtest,CrabelPattern5_NQ,Long,1,1767.75,1751.75,5/18/2012 3:40:00 PM,5/18/2012 10:20:00 PM,Crabel_Pat5_Buy,Exit on session close,($805.76),($1858.96),$5.76,$837.50,$200.00,$1005.76,81,
72,ES DEC25,Backtest,CrabelPattern5_NQ,Long,1,1758.50,1775.50,5/21/2012 3:40:00 PM,5/21/2012 11:00:00 PM,Crabel_Pat5_Buy,Exit on session close,$844.24,($1014.72),$5.76,$175.00,$937.50,$93.26,87,
73,ES DEC25,Backtest,CrabelPattern5_NQ,Long,1,1742.00,1735.25,6/4/2012 3:40:00 PM,6/4/2012 11:00:00 PM,Crabel_Pat5_Buy,Exit on session close,($343.26),($1357.98),$5.76,$775.00,$37.50,$380.76,86,
74,ES DEC25,Backtest,CrabelPattern5_NQ,Long,1,1736.50,1746.00,6/5/2012 3:40:00 PM,6/5/2012 11:00:00 PM,Crabel_Pat5_Buy,Exit on session close,$469.24,($888.74),$5.76,$25.00,$575.00,$105.76,86,
75,ES DEC25,Backtest,CrabelPattern5_NQ,Long,1,1816.50,1815.00,7/9/2012 3:40:00 PM,7/9/2012 11:00:00 PM,Crabel_Pat5_Buy,Exit on session close,($80.76),($969.50),$5.76,$375.00,$62.50,$143.26,86,
76,ES DEC25,Backtest,CrabelPattern5_NQ,Long,1,1802.75,1805.75,7/11/2012 3:40:00 PM,7/11/2012 11:00:00 PM,Crabel_Pat5_Buy,Exit on session close,$144.24,($825.26),$5.76,$350.00,$262.50,$118.26,86,
77,ES DEC25,Backtest,CrabelPattern5_NQ,Long,1,1794.25,1798.50,7/12/2012 3:40:00 PM,7/12/2012 11:00:00 PM,Crabel_Pat5_Buy,Exit on session close,$206.74,($618.52),$5.76,$325.00,$437.50,$230.76,86,
78,ES DEC25,Backtest,CrabelPattern5_NQ,Long,1,1805.00,1802.75,7/25/2012 3:40:00 PM,7/25/2012 11:00:00 PM,Crabel_Pat5_Buy,Exit on session close,($118.26),($736.78),$5.76,$537.50,$125.00,$243.26,86,
79,ES DEC25,Backtest,CrabelPattern5_NQ,Long,1,1828.25,1829.50,8/2/2012 3:40:00 PM,8/2/2012 11:00:00 PM,Crabel_Pat5_Buy,Exit on session close,$56.74,($680.04),$5.76,$550.00,$462.50,$405.76,86,
80,ES DEC25,Backtest,CrabelPattern5_NQ,Long,1,1874.50,1868.25,8/23/2012 3:40:00 PM,8/23/2012 11:00:00 PM,Crabel_Pat5_Buy,Exit on session close,($318.26),($998.30),$5.76,$425.00,$62.50,$380.76,87,
81,ES DEC25,Backtest,CrabelPattern5_NQ,Long,1,1865.75,1878.50,8/24/2012 3:40:00 PM,8/24/2012 10:15:00 PM,Crabel_Pat5_Buy,Exit on session close,$631.74,($366.56),$5.76,$112.50,$712.50,$80.76,80,
82,ES DEC25,Backtest,CrabelPattern5_NQ,Long,1,1868.25,1864.25,8/30/2012 3:40:00 PM,8/30/2012 11:00:00 PM,Crabel_Pat5_Buy,Exit on session close,($205.76),($572.32),$5.76,$250.00,$125.00,$330.76,87,
83,ES DEC25,Backtest,CrabelPattern5_NQ,Long,1,1875.25,1872.75,8/31/2012 3:40:00 PM,8/31/2012 10:20:00 PM,Crabel_Pat5_Buy,Exit on session close,($130.76),($703.08),$5.76,$512.50,$225.00,$355.76,81,
84,ES DEC25,Backtest,CrabelPattern5_NQ,Long,1,1922.50,1929.50,9/20/2012 3:40:00 PM,9/20/2012 11:00:00 PM,Crabel_Pat5_Buy,Exit on session close,$344.24,($358.84),$5.76,$225.00,$375.00,$30.76,86,
85,ES DEC25,Backtest,CrabelPattern5_NQ,Long,1,1909.50,1903.75,9/26/2012 3:40:00 PM,9/26/2012 11:00:00 PM,Crabel_Pat5_Buy,Exit on session close,($293.26),($652.10),$5.76,$550.00,$12.50,$305.76,86,
86,ES DEC25,Backtest,CrabelPattern5_NQ,Long,1,1907.50,1916.00,9/27/2012 3:40:00 PM,9/27/2012 11:00:00 PM,Crabel_Pat5_Buy,Exit on session close,$419.24,($232.86),$5.76,$162.50,$575.00,$155.76,86,
87,ES DEC25,Backtest,CrabelPattern5_NQ,Long,1,1886.75,1883.00,10/23/2012 3:40:00 PM,10/23/2012 11:00:00 PM,Crabel_Pat5_Buy,Exit on session close,($193.26),($426.12),$5.76,$512.50,$112.50,$305.76,86,
88,ES DEC25,Backtest,CrabelPattern5_NQ,Long,1,1824.00,1835.00,11/16/2012 3:40:00 PM,11/16/2012 10:20:00 PM,Crabel_Pat5_Buy,Exit on session close,$544.24,$118.12,$5.76,$462.50,$550.00,$5.76,81,
89,ES DEC25,Backtest,CrabelPattern5_NQ,Long,1,1894.00,1909.00,12/17/2012 3:40:00 PM,12/17/2012 11:00:00 PM,Crabel_Pat5_Buy,Exit on session close,$744.24,$862.36,$5.76,$25.00,$775.00,$30.76,86,
90,ES DEC25,Backtest,CrabelPattern5_NQ,Long,1,1895.00,1895.25,12/27/2012 3:40:00 PM,12/27/2012 11:00:00 PM,Crabel_Pat5_Buy,Exit on session close,$6.74,$869.10,$5.76,$912.50,$212.50,$205.76,87,
91,ES DEC25,Backtest,CrabelPattern5_NQ,Long,1,1886.25,1865.50,12/28/2012 3:40:00 PM,12/28/2012 11:00:00 PM,Crabel_Pat5_Buy,Exit on session close,($1043.26),($174.16),$5.76,$1162.50,$287.50,$1330.76,86,
92,ES DEC25,Backtest,CrabelPattern5_NQ,Long,1,1875.25,1903.75,12/31/2012 3:40:00 PM,12/31/2012 11:00:00 PM,Crabel_Pat5_Buy,Exit on session close,$1419.24,$1245.08,$5.76,$12.50,$1562.50,$143.26,86,
93,ES DEC25,Backtest,CrabelPattern5_NQ,Long,1,2135.25,2138.25,5/27/2013 3:40:00 PM,5/27/2013 5:30:00 PM,Crabel_Pat5_Buy,Exit on session close,$144.24,$1389.32,$5.76,$37.50,$225.00,$80.76,23,
94,ES DEC25,Backtest,CrabelPattern5_NQ,Long,1,2058.25,2058.25,6/24/2013 3:40:00 PM,6/24/2013 11:00:00 PM,Crabel_Pat5_Buy,Exit on session close,($5.76),$1383.56,$5.76,$687.50,$662.50,$668.26,86,
95,ES DEC25,Backtest,CrabelPattern5_NQ,Long,1,2168.50,2178.25,7/26/2013 3:40:00 PM,7/26/2013 11:00:00 PM,Crabel_Pat5_Buy,Exit on session close,$481.74,$1865.30,$5.76,$337.50,$525.00,$43.26,86,
96,ES DEC25,Backtest,CrabelPattern5_NQ,Long,1,2141.75,2135.25,8/19/2013 3:40:00 PM,8/19/2013 11:00:00 PM,Crabel_Pat5_Buy,Exit on session close,($330.76),$1534.54,$5.76,$412.50,$325.00,$655.76,86,
97,ES DEC25,Backtest,CrabelPattern5_NQ,Long,1,2136.00,2142.00,8/20/2013 3:40:00 PM,8/20/2013 11:00:00 PM,Crabel_Pat5_Buy,Exit on session close,$294.24,$1828.78,$5.76,$75.00,$600.00,$305.76,86,
98,ES DEC25,Backtest,CrabelPattern5_NQ,Long,1,2192.25,2190.25,9/24/2013 3:40:00 PM,9/24/2013 11:00:00 PM,Crabel_Pat5_Buy,Exit on session close,($105.76),$1723.02,$5.76,$337.50,$337.50,$443.26,86,
99,ES DEC25,Backtest,CrabelPattern5_NQ,Long,1,2187.50,2184.25,9/25/2013 3:40:00 PM,9/25/2013 11:00:00 PM,Crabel_Pat5_Buy,Exit on session close,($168.26),$1554.76,$5.76,$250.00,$275.00,$443.26,86,
100,ES DEC25,Backtest,CrabelPattern5_NQ,Long,1,2284.25,2292.00,11/21/2013 3:40:00 PM,11/21/2013 11:00:00 PM,Crabel_Pat5_Buy,Exit on session close,$381.74,$1936.50,$5.76,$112.50,$462.50,$80.76,86,
101,ES DEC25,Backtest,CrabelPattern5_NQ,Long,1,2283.25,2290.75,12/4/2013 3:40:00 PM,12/4/2013 11:00:00 PM,Crabel_Pat5_Buy,Exit on session close,$369.24,$2305.74,$5.76,$375.00,$712.50,$343.26,86,
102,ES DEC25,Backtest,CrabelPattern5_NQ,Long,1,2286.75,2281.75,12/5/2013 3:40:00 PM,12/5/2013 11:00:00 PM,Crabel_Pat5_Buy,Exit on session close,($255.76),$2049.98,$5.76,$337.50,$162.50,$418.26,86,
103,ES DEC25,Backtest,CrabelPattern5_NQ,Long,1,2277.75,2272.75,12/13/2013 3:40:00 PM,12/13/2013 11:00:00 PM,Crabel_Pat5_Buy,Exit on session close,($255.76),$1794.22,$5.76,$412.50,$50.00,$305.76,86,
104,ES DEC25,Backtest,CrabelPattern5_NQ,Long,1,2249.00,2248.50,2/4/2014 3:40:00 PM,2/4/2014 11:00:00 PM,Crabel_Pat5_Buy,Exit on session close,($30.76),$1763.46,$5.76,$312.50,$425.00,$455.76,87,
105,ES DEC25,Backtest,CrabelPattern5_NQ,Long,1,2482.75,2486.00,7/9/2014 3:40:00 PM,7/9/2014 11:00:00 PM,Crabel_Pat5_Buy,Exit on session close,$156.74,$1920.20,$5.76,$300.00,$200.00,$43.26,86,
106,ES DEC25,Backtest,CrabelPattern5_NQ,Long,1,2466.50,2475.50,7/10/2014 3:40:00 PM,7/10/2014 11:00:00 PM,Crabel_Pat5_Buy,Exit on session close,$444.24,$2364.44,$5.76,$75.00,$800.00,$355.76,86,
107,ES DEC25,Backtest,CrabelPattern5_NQ,Long,1,2512.25,2525.50,9/5/2014 3:40:00 PM,9/5/2014 11:00:00 PM,Crabel_Pat5_Buy,Exit on session close,$656.74,$3021.18,$5.76,$275.00,$675.00,$18.26,87,
108,ES DEC25,Backtest,CrabelPattern5_NQ,Long,1,2507.75,2517.75,9/11/2014 3:40:00 PM,9/11/2014 11:00:00 PM,Crabel_Pat5_Buy,Exit on session close,$494.24,$3515.42,$5.76,$200.00,$500.00,$5.76,86,
109,ES DEC25,Backtest,CrabelPattern5_NQ,Long,1,2503.00,2517.00,9/24/2014 3:40:00 PM,9/24/2014 11:00:00 PM,Crabel_Pat5_Buy,Exit on session close,$694.24,$4209.66,$5.76,$300.00,$800.00,$105.76,87,
110,ES DEC25,Backtest,CrabelPattern5_NQ,Long,1,2466.00,2464.75,10/2/2014 3:40:00 PM,10/2/2014 11:00:00 PM,Crabel_Pat5_Buy,Exit on session close,($68.26),$4141.40,$5.76,$1062.50,$287.50,$355.76,86,
111,ES DEC25,Backtest,CrabelPattern5_NQ,Long,1,2407.00,2404.50,10/14/2014 3:40:00 PM,10/14/2014 11:00:00 PM,Crabel_Pat5_Buy,Exit on session close,($130.76),$4010.64,$5.76,$775.00,$612.50,$743.26,86,
112,ES DEC25,Backtest,CrabelPattern5_NQ,Long,1,2374.00,2372.25,10/15/2014 3:40:00 PM,10/15/2014 11:00:00 PM,Crabel_Pat5_Buy,Exit on session close,($93.26),$3917.38,$5.76,$1725.00,$775.00,$868.26,86,
113,ES DEC25,Backtest,CrabelPattern5_NQ,Long,1,2559.50,2566.00,11/17/2014 3:40:00 PM,11/17/2014 11:00:00 PM,Crabel_Pat5_Buy,Exit on session close,$319.24,$4236.62,$5.76,$87.50,$375.00,$55.76,86,
114,ES DEC25,Backtest,CrabelPattern5_NQ,Long,1,2564.25,2553.25,12/11/2014 3:40:00 PM,12/11/2014 11:00:00 PM,Crabel_Pat5_Buy,Exit on session close,($555.76),$3680.86,$5.76,$712.50,$912.50,$1468.26,86,
115,ES DEC25,Backtest,CrabelPattern5_NQ,Long,1,2551.00,2524.75,12/12/2014 3:40:00 PM,12/12/2014 11:00:00 PM,Crabel_Pat5_Buy,Exit on session close,($1318.26),$2362.60,$5.76,$1412.50,$375.00,$1693.26,86,
116,ES DEC25,Backtest,CrabelPattern5_NQ,Long,1,2505.50,2540.50,12/17/2014 3:40:00 PM,12/17/2014 11:00:00 PM,Crabel_Pat5_Buy,Exit on session close,$1744.24,$4106.84,$5.76,$25.00,$1925.00,$180.76,86,
117,ES DEC25,Backtest,CrabelPattern5_NQ,Long,1,2572.50,2551.25,1/5/2015 3:40:00 PM,1/5/2015 11:00:00 PM,Crabel_Pat5_Buy,Exit on session close,($1068.26),$3038.58,$5.76,$1500.00,$12.50,$1080.76,86,
118,ES DEC25,Backtest,CrabelPattern5_NQ,Long,1,2551.50,2528.00,1/6/2015 3:40:00 PM,1/6/2015 11:00:00 PM,Crabel_Pat5_Buy,Exit on session close,($1180.76),$1857.82,$5.76,$1712.50,$250.00,$1430.76,86,
119,ES DEC25,Backtest,CrabelPattern5_NQ,Long,1,2542.75,2553.50,1/7/2015 3:40:00 PM,1/7/2015 11:00:00 PM,Crabel_Pat5_Buy,Exit on session close,$531.74,$2389.56,$5.76,$250.00,$700.00,$168.26,86,
120,ES DEC25,Backtest,CrabelPattern5_NQ,Long,1,2530.25,2543.50,1/14/2015 3:40:00 PM,1/14/2015 11:00:00 PM,Crabel_Pat5_Buy,Exit on session close,$656.74,$3046.30,$5.76,$800.00,$687.50,$30.76,86,
121,ES DEC25,Backtest,CrabelPattern5_NQ,Long,1,2540.50,2516.75,1/15/2015 3:40:00 PM,1/15/2015 11:00:00 PM,Crabel_Pat5_Buy,Exit on session close,($1193.26),$1853.04,$5.76,$1200.00,$162.50,$1355.76,87,
122,ES DEC25,Backtest,CrabelPattern5_NQ,Long,1,2523.00,2546.00,1/16/2015 3:40:00 PM,1/16/2015 11:00:00 PM,Crabel_Pat5_Buy,Exit on session close,$1144.24,$2997.28,$5.76,$437.50,$1212.50,$68.26,86,
123,ES DEC25,Backtest,CrabelPattern5_NQ,Long,1,2622.50,2604.50,3/6/2015 3:40:00 PM,3/6/2015 11:00:00 PM,Crabel_Pat5_Buy,Exit on session close,($905.76),$2091.52,$5.76,$1200.00,$237.50,$1143.26,86,
124,ES DEC25,Backtest,CrabelPattern5_NQ,Long,1,2583.00,2590.25,3/26/2015 2:40:00 PM,3/26/2015 10:00:00 PM,Crabel_Pat5_Buy,Exit on session close,$356.74,$2448.26,$5.76,$312.50,$812.50,$455.76,86,
125,ES DEC25,Backtest,CrabelPattern5_NQ,Long,1,2591.00,2592.25,3/27/2015 2:40:00 PM,3/27/2015 10:00:00 PM,Crabel_Pat5_Buy,Exit on session close,$56.74,$2505.00,$5.76,$325.00,$212.50,$155.76,86,
126,ES DEC25,Backtest,CrabelPattern5_NQ,Long,1,2591.25,2613.00,4/6/2015 3:40:00 PM,4/6/2015 11:00:00 PM,Crabel_Pat5_Buy,Exit on session close,$1081.74,$3586.74,$5.76,$0.00,$1462.50,$380.76,86,
127,ES DEC25,Backtest,CrabelPattern5_NQ,Long,1,2644.50,2660.25,5/27/2015 3:40:00 PM,5/27/2015 11:00:00 PM,Crabel_Pat5_Buy,Exit on session close,$781.74,$4368.48,$5.76,$0.00,$1012.50,$230.76,86,
128,ES DEC25,Backtest,CrabelPattern5_NQ,Long,1,2621.25,2621.50,6/9/2015 3:40:00 PM,6/9/2015 11:00:00 PM,Crabel_Pat5_Buy,Exit on session close,$6.74,$4375.22,$5.76,$500.00,$200.00,$193.26,86,
129,ES DEC25,Backtest,CrabelPattern5_NQ,Long,1,2625.75,2601.25,6/29/2015 3:40:00 PM,6/29/2015 11:00:00 PM,Crabel_Pat5_Buy,Exit on session close,($1230.76),$3144.46,$5.76,$1512.50,$287.50,$1518.26,86,
130,ES DEC25,Backtest,CrabelPattern5_NQ,Long,1,2606.75,2621.50,7/7/2015 3:40:00 PM,7/7/2015 11:00:00 PM,Crabel_Pat5_Buy,Exit on session close,$731.74,$3876.20,$5.76,$1175.00,$887.50,$155.76,86,
131,ES DEC25,Backtest,CrabelPattern5_NQ,Long,1,2609.75,2587.25,7/8/2015 3:40:00 PM,7/8/2015 11:00:00 PM,Crabel_Pat5_Buy,Exit on session close,($1130.76),$2745.44,$5.76,$1262.50,$12.50,$1143.26,86,
132,ES DEC25,Backtest,CrabelPattern5_NQ,Long,1,2641.50,2627.00,7/24/2015 3:40:00 PM,7/24/2015 11:00:00 PM,Crabel_Pat5_Buy,Exit on session close,($730.76),$2014.68,$5.76,$1175.00,$162.50,$893.26,87,
133,ES DEC25,Backtest,CrabelPattern5_NQ,Long,1,2609.00,2612.75,7/27/2015 3:40:00 PM,7/27/2015 11:00:00 PM,Crabel_Pat5_Buy,Exit on session close,$181.74,$2196.42,$5.76,$212.50,$437.50,$255.76,86,
134,ES DEC25,Backtest,CrabelPattern5_NQ,Long,1,2616.25,2636.50,7/28/2015 3:40:00 PM,7/28/2015 11:00:00 PM,Crabel_Pat5_Buy,Exit on session close,$1006.74,$3203.16,$5.76,$325.00,$1050.00,$43.26,86,
135,ES DEC25,Backtest,CrabelPattern5_NQ,Long,1,2560.00,2517.50,8/21/2015 3:40:00 PM,8/21/2015 11:00:00 PM,Crabel_Pat5_Buy,Exit on session close,($2130.76),$1072.40,$5.76,$2187.50,$525.00,$2655.76,86,
136,ES DEC25,Backtest,CrabelPattern5_NQ,Long,1,2384.00,2422.25,8/24/2015 3:40:00 PM,8/24/2015 11:00:00 PM,Crabel_Pat5_Buy,Exit on session close,$1906.74,$2979.14,$5.76,$37.50,$5750.00,$3843.26,87,
137,ES DEC25,Backtest,CrabelPattern5_NQ,Long,1,2486.25,2417.75,8/25/2015 3:40:00 PM,8/25/2015 11:00:00 PM,Crabel_Pat5_Buy,Exit on session close,($3430.76),($451.62),$5.76,$3900.00,$337.50,$3768.26,86,
138,ES DEC25,Backtest,CrabelPattern5_NQ,Long,1,2480.50,2496.25,9/2/2015 3:40:00 PM,9/2/2015 11:00:00 PM,Crabel_Pat5_Buy,Exit on session close,$781.74,$330.12,$5.76,$800.00,$837.50,$55.76,86,
139,ES DEC25,Backtest,CrabelPattern5_NQ,Long,1,2488.25,2487.25,9/22/2015 3:40:00 PM,9/22/2015 11:00:00 PM,Crabel_Pat5_Buy,Exit on session close,($55.76),$274.36,$5.76,$650.00,$300.00,$355.76,86,
140,ES DEC25,Backtest,CrabelPattern5_NQ,Long,1,2463.25,2432.25,9/28/2015 3:40:00 PM,9/28/2015 11:00:00 PM,Crabel_Pat5_Buy,Exit on session close,($1555.76),($1281.40),$5.76,$1850.00,$150.00,$1705.76,86,
141,ES DEC25,Backtest,CrabelPattern5_NQ,Long,1,2431.50,2432.00,9/29/2015 3:40:00 PM,9/29/2015 11:00:00 PM,Crabel_Pat5_Buy,Exit on session close,$19.24,($1262.16),$5.76,$625.00,$787.50,$768.26,86,
142,ES DEC25,Backtest,CrabelPattern5_NQ,Long,1,2640.75,2629.75,11/9/2015 3:40:00 PM,11/9/2015 11:00:00 PM,Crabel_Pat5_Buy,Exit on session close,($555.76),($1817.92),$5.76,$1062.50,$237.50,$793.26,86,
143,ES DEC25,Backtest,CrabelPattern5_NQ,Long,1,2628.75,2634.75,11/10/2015 3:40:00 PM,11/10/2015 11:00:00 PM,Crabel_Pat5_Buy,Exit on session close,$294.24,($1523.68),$5.76,$337.50,$387.50,$93.26,86,
144,ES DEC25,Backtest,CrabelPattern5_NQ,Long,1,2577.50,2606.25,11/16/2015 3:40:00 PM,11/16/2015 11:00:00 PM,Crabel_Pat5_Buy,Exit on session close,$1431.74,($91.94),$5.76,$37.50,$1550.00,$118.26,87,
145,ES DEC25,Backtest,CrabelPattern5_NQ,Long,1,2602.50,2608.50,12/10/2015 3:40:00 PM,12/10/2015 11:00:00 PM,Crabel_Pat5_Buy,Exit on session close,$294.24,$202.30,$5.76,$50.00,$1100.00,$805.76,86,
146,ES DEC25,Backtest,CrabelPattern5_NQ,Long,1,2586.00,2564.50,12/11/2015 3:40:00 PM,12/11/2015 11:00:00 PM,Crabel_Pat5_Buy,Exit on session close,($1080.76),($878.46),$5.76,$1200.00,$262.50,$1343.26,87,
147,ES DEC25,Backtest,CrabelPattern5_NQ,Long,1,2575.00,2576.00,1/5/2016 3:40:00 PM,1/5/2016 11:00:00 PM,Crabel_Pat5_Buy,Exit on session close,$44.24,($834.22),$5.76,$700.00,$250.00,$205.76,87,
148,ES DEC25,Backtest,CrabelPattern5_NQ,Long,1,2544.75,2552.50,1/6/2016 3:40:00 PM,1/6/2016 11:00:00 PM,Crabel_Pat5_Buy,Exit on session close,$381.74,($452.48),$5.76,$425.00,$825.00,$443.26,86,
149,ES DEC25,Backtest,CrabelPattern5_NQ,Long,1,2492.75,2478.25,1/11/2016 3:40:00 PM,1/11/2016 11:00:00 PM,Crabel_Pat5_Buy,Exit on session close,($730.76),($1183.24),$5.76,$1725.00,$50.00,$780.76,86,
150,ES DEC25,Backtest,CrabelPattern5_NQ,Long,1,2414.75,2417.75,1/20/2016 3:40:00 PM,1/20/2016 11:00:00 PM,Crabel_Pat5_Buy,Exit on session close,$144.24,($1039.00),$5.76,$2237.50,$1012.50,$868.26,86,
151,ES DEC25,Backtest,CrabelPattern5_NQ,Long,1,2396.50,2412.00,2/9/2016 3:40:00 PM,2/9/2016 11:00:00 PM,Crabel_Pat5_Buy,Exit on session close,$769.24,($269.76),$5.76,$62.50,$1650.00,$880.76,86,
152,ES DEC25,Backtest,CrabelPattern5_NQ,Long,1,2386.75,2391.25,2/11/2016 3:40:00 PM,2/11/2016 11:00:00 PM,Crabel_Pat5_Buy,Exit on session close,$219.24,($50.52),$5.76,$800.00,$687.50,$468.26,85,
153,ES DEC25,Backtest,CrabelPattern5_NQ,Long,1,2407.00,2425.75,2/12/2016 3:40:00 PM,2/12/2016 11:00:00 PM,Crabel_Pat5_Buy,Exit on session close,$931.74,$881.22,$5.76,$387.50,$975.00,$43.26,86,
154,ES DEC25,Backtest,CrabelPattern5_NQ,Long,1,2597.50,2623.50,3/29/2016 3:40:00 PM,3/29/2016 11:00:00 PM,Crabel_Pat5_Buy,Exit on session close,$1294.24,$2175.46,$5.76,$175.00,$1325.00,$30.76,86,
155,ES DEC25,Backtest,CrabelPattern5_NQ,Long,1,2635.25,2632.75,5/3/2016 3:40:00 PM,5/3/2016 11:00:00 PM,Crabel_Pat5_Buy,Exit on session close,($130.76),$2044.70,$5.76,$625.00,$137.50,$268.26,86,
156,ES DEC25,Backtest,CrabelPattern5_NQ,Long,1,2612.00,2629.00,5/6/2016 3:40:00 PM,5/6/2016 11:00:00 PM,Crabel_Pat5_Buy,Exit on session close,$844.24,$2888.94,$5.76,$175.00,$862.50,$18.26,87,
157,ES DEC25,Backtest,CrabelPattern5_NQ,Long,1,2652.00,2648.75,6/14/2016 3:40:00 PM,6/14/2016 11:00:00 PM,Crabel_Pat5_Buy,Exit on session close,($168.26),$2720.68,$5.76,$662.50,$237.50,$405.76,86,
158,ES DEC25,Backtest,CrabelPattern5_NQ,Long,1,2636.00,2653.50,6/16/2016 3:40:00 PM,6/16/2016 11:00:00 PM,Crabel_Pat5_Buy,Exit on session close,$869.24,$3589.92,$5.76,$562.50,$975.00,$105.76,86,
159,ES DEC25,Backtest,CrabelPattern5_NQ,Long,1,2756.00,2764.00,8/29/2016 3:40:00 PM,8/29/2016 11:00:00 PM,Crabel_Pat5_Buy,Exit on session close,$394.24,$3984.16,$5.76,$12.50,$512.50,$118.26,86,
160,ES DEC25,Backtest,CrabelPattern5_NQ,Long,1,2707.75,2742.25,9/12/2016 3:40:00 PM,9/12/2016 11:00:00 PM,Crabel_Pat5_Buy,Exit on session close,$1719.24,$5703.40,$5.76,$87.50,$1962.50,$243.26,86,
161,ES DEC25,Backtest,CrabelPattern5_NQ,Long,1,2713.75,2715.00,10/28/2016 3:40:00 PM,10/28/2016 10:15:00 PM,Crabel_Pat5_Buy,Exit on session close,$56.74,$5760.14,$5.76,$512.50,$625.00,$568.26,80,
162,ES DEC25,Backtest,CrabelPattern5_NQ,Long,1,2715.25,2714.50,10/31/2016 2:40:00 PM,10/31/2016 10:00:00 PM,Crabel_Pat5_Buy,Exit on session close,($43.26),$5716.88,$5.76,$262.50,$175.00,$218.26,86,
163,ES DEC25,Backtest,CrabelPattern5_NQ,Long,1,2691.00,2681.25,11/2/2016 2:40:00 PM,11/2/2016 10:00:00 PM,Crabel_Pat5_Buy,Exit on session close,($493.26),$5223.62,$5.76,$637.50,$325.00,$818.26,86,
164,ES DEC25,Backtest,CrabelPattern5_NQ,Long,1,2686.00,2674.25,11/3/2016 2:40:00 PM,11/3/2016 10:00:00 PM,Crabel_Pat5_Buy,Exit on session close,($593.26),$4630.36,$5.76,$762.50,$137.50,$730.76,86,
165,ES DEC25,Backtest,CrabelPattern5_NQ,Long,1,2674.75,2672.50,11/4/2016 2:40:00 PM,11/4/2016 10:00:00 PM,Crabel_Pat5_Buy,Exit on session close,($118.26),$4512.10,$5.76,$250.00,$525.00,$643.26,86,
166,ES DEC25,Backtest,CrabelPattern5_NQ,Long,1,2864.50,2870.25,2/2/2017 3:40:00 PM,2/2/2017 11:00:00 PM,Crabel_Pat5_Buy,Exit on session close,$281.74,$4793.84,$5.76,$75.00,$562.50,$280.76,86,
167,ES DEC25,Backtest,CrabelPattern5_NQ,Long,1,2966.75,2962.00,3/7/2017 3:40:00 PM,3/7/2017 11:00:00 PM,Crabel_Pat5_Buy,Exit on session close,($243.26),$4550.58,$5.76,$312.50,$200.00,$443.26,86,
168,ES DEC25,Backtest,CrabelPattern5_NQ,Long,1,2964.50,2959.25,3/8/2017 3:40:00 PM,3/8/2017 11:00:00 PM,Crabel_Pat5_Buy,Exit on session close,($268.26),$4282.32,$5.76,$387.50,$225.00,$493.26,86,
169,ES DEC25,Backtest,CrabelPattern5_NQ,Long,1,2958.25,2963.50,3/9/2017 3:40:00 PM,3/9/2017 11:00:00 PM,Crabel_Pat5_Buy,Exit on session close,$256.74,$4539.06,$5.76,$412.50,$350.00,$93.26,86,
170,ES DEC25,Backtest,CrabelPattern5_NQ,Long,1,2938.50,2941.25,3/22/2017 2:40:00 PM,3/22/2017 10:00:00 PM,Crabel_Pat5_Buy,Exit on session close,$131.74,$4670.80,$5.76,$337.50,$462.50,$330.76,87,
171,ES DEC25,Backtest,CrabelPattern5_NQ,Long,1,2932.00,2944.25,4/17/2017 3:40:00 PM,4/17/2017 11:00:00 PM,Crabel_Pat5_Buy,Exit on session close,$606.74,$5277.54,$5.76,$212.50,$650.00,$43.26,86,
172,ES DEC25,Backtest,CrabelPattern5_NQ,Long,1,2991.00,2989.50,5/11/2017 3:40:00 PM,5/11/2017 11:00:00 PM,Crabel_Pat5_Buy,Exit on session close,($80.76),$5196.78,$5.76,$650.00,$75.00,$155.76,86,
173,ES DEC25,Backtest,CrabelPattern5_NQ,Long,1,3032.75,3033.75,6/23/2017 3:40:00 PM,6/23/2017 11:00:00 PM,Crabel_Pat5_Buy,Exit on session close,$44.24,$5241.02,$5.76,$137.50,$387.50,$343.26,86,
174,ES DEC25,Backtest,CrabelPattern5_NQ,Long,1,3103.25,3099.25,9/26/2017 3:40:00 PM,9/26/2017 11:00:00 PM,Crabel_Pat5_Buy,Exit on session close,($205.76),$5035.26,$5.76,$350.00,$100.00,$305.76,87,
175,ES DEC25,Backtest,CrabelPattern5_NQ,Long,1,3178.50,3181.50,11/14/2017 3:40:00 PM,11/14/2017 11:00:00 PM,Crabel_Pat5_Buy,Exit on session close,$144.24,$5179.50,$5.76,$512.50,$187.50,$43.26,86,
176,ES DEC25,Backtest,CrabelPattern5_NQ,Long,1,3231.50,3235.50,12/6/2017 3:40:00 PM,12/6/2017 11:00:00 PM,Crabel_Pat5_Buy,Exit on session close,$194.24,$5373.74,$5.76,$175.00,$350.00,$155.76,86,
177,ES DEC25,Backtest,CrabelPattern5_NQ,Long,1,3232.25,3243.25,12/7/2017 3:40:00 PM,12/7/2017 11:00:00 PM,Crabel_Pat5_Buy,Exit on session close,$544.24,$5917.98,$5.76,$25.00,$637.50,$93.26,86,
178,ES DEC25,Backtest,CrabelPattern5_NQ,Long,1,3420.75,3424.75,2/1/2018 3:40:00 PM,2/1/2018 11:00:00 PM,Crabel_Pat5_Buy,Exit on session close,$194.24,$6112.22,$5.76,$350.00,$862.50,$668.26,86,
179,ES DEC25,Backtest,CrabelPattern5_NQ,Long,1,3222.25,3285.75,2/6/2018 3:40:00 PM,2/6/2018 11:00:00 PM,Crabel_Pat5_Buy,Exit on session close,$3169.24,$9281.46,$5.76,$275.00,$3937.50,$768.26,86,
180,ES DEC25,Backtest,CrabelPattern5_NQ,Long,1,3319.00,3314.75,2/22/2018 3:40:00 PM,2/22/2018 11:00:00 PM,Crabel_Pat5_Buy,Exit on session close,($218.26),$9063.20,$5.76,$1062.50,$662.50,$880.76,86,
181,ES DEC25,Backtest,CrabelPattern5_NQ,Long,1,3262.75,3291.75,3/2/2018 3:40:00 PM,3/2/2018 11:00:00 PM,Crabel_Pat5_Buy,Exit on session close,$1444.24,$10507.44,$5.76,$725.00,$1725.00,$280.76,86,
182,ES DEC25,Backtest,CrabelPattern5_NQ,Long,1,3282.00,3320.00,3/5/2018 3:40:00 PM,3/5/2018 11:00:00 PM,Crabel_Pat5_Buy,Exit on session close,$1894.24,$12401.68,$5.76,$312.50,$2350.00,$455.76,86,
183,ES DEC25,Backtest,CrabelPattern5_NQ,Long,1,3230.25,3256.50,3/26/2018 3:40:00 PM,3/26/2018 11:00:00 PM,Crabel_Pat5_Buy,Exit on session close,$1306.74,$13708.42,$5.76,$1575.00,$1462.50,$155.76,86,
184,ES DEC25,Backtest,CrabelPattern5_NQ,Long,1,3225.25,3243.00,4/25/2018 3:40:00 PM,4/25/2018 11:00:00 PM,Crabel_Pat5_Buy,Exit on session close,$881.74,$14590.16,$5.76,$862.50,$987.50,$105.76,86,
185,ES DEC25,Backtest,CrabelPattern5_NQ,Long,1,3297.25,3289.50,5/29/2018 3:40:00 PM,5/29/2018 11:00:00 PM,Crabel_Pat5_Buy,Exit on session close,($393.26),$14196.90,$5.76,$1275.00,$450.00,$843.26,86,
186,ES DEC25,Backtest,CrabelPattern5_NQ,Long,1,3366.75,3363.50,6/20/2018 3:40:00 PM,6/20/2018 11:00:00 PM,Crabel_Pat5_Buy,Exit on session close,($168.26),$14028.64,$5.76,$350.00,$212.50,$380.76,86,
187,ES DEC25,Backtest,CrabelPattern5_NQ,Long,1,3431.50,3419.00,8/13/2018 3:40:00 PM,8/13/2018 11:00:00 PM,Crabel_Pat5_Buy,Exit on session close,($630.76),$13397.88,$5.76,$937.50,$250.00,$880.76,86,
188,ES DEC25,Backtest,CrabelPattern5_NQ,Long,1,3425.75,3434.50,8/14/2018 3:40:00 PM,8/14/2018 11:00:00 PM,Crabel_Pat5_Buy,Exit on session close,$431.74,$13829.62,$5.76,$312.50,$525.00,$93.26,86,
189,ES DEC25,Backtest,CrabelPattern5_NQ,Long,1,3415.25,3415.25,8/15/2018 3:40:00 PM,8/15/2018 11:00:00 PM,Crabel_Pat5_Buy,Exit on session close,($5.76),$13823.86,$5.76,$975.00,$212.50,$218.26,86,
190,ES DEC25,Backtest,CrabelPattern5_NQ,Long,1,3462.00,3465.50,9/7/2018 3:40:00 PM,9/7/2018 11:00:00 PM,Crabel_Pat5_Buy,Exit on session close,$169.24,$13993.10,$5.76,$150.00,$787.50,$618.26,87,
191,ES DEC25,Backtest,CrabelPattern5_NQ,Long,1,3461.75,3482.75,9/11/2018 3:40:00 PM,9/11/2018 11:00:00 PM,Crabel_Pat5_Buy,Exit on session close,$1044.24,$15037.34,$5.76,$87.50,$1200.00,$155.76,87,
192,ES DEC25,Backtest,CrabelPattern5_NQ,Long,1,3510.50,3499.50,9/26/2018 3:40:00 PM,9/26/2018 11:00:00 PM,Crabel_Pat5_Buy,Exit on session close,($555.76),$14481.58,$5.76,$775.00,$650.00,$1205.76,86,
193,ES DEC25,Backtest,CrabelPattern5_NQ,Long,1,3502.50,3509.50,9/27/2018 3:40:00 PM,9/27/2018 11:00:00 PM,Crabel_Pat5_Buy,Exit on session close,$344.24,$14825.82,$5.76,$50.00,$850.00,$505.76,86,
194,ES DEC25,Backtest,CrabelPattern5_NQ,Long,1,3475.00,3475.00,10/9/2018 3:40:00 PM,10/9/2018 11:00:00 PM,Crabel_Pat5_Buy,Exit on session close,($5.76),$14820.06,$5.76,$425.00,$625.00,$630.76,86,
195,ES DEC25,Backtest,CrabelPattern5_NQ,Long,1,3459.25,3360.25,10/10/2018 3:40:00 PM,10/10/2018 11:00:00 PM,Crabel_Pat5_Buy,Exit on session close,($4955.76),$9864.30,$5.76,$5012.50,$62.50,$5018.26,87,
196,ES DEC25,Backtest,CrabelPattern5_NQ,Long,1,3369.00,3335.50,10/11/2018 3:40:00 PM,10/11/2018 11:00:00 PM,Crabel_Pat5_Buy,Exit on session close,($1680.76),$8183.54,$5.76,$3462.50,$862.50,$2543.26,86,
197,ES DEC25,Backtest,CrabelPattern5_NQ,Long,1,3355.75,3359.75,10/12/2018 3:40:00 PM,10/12/2018 11:00:00 PM,Crabel_Pat5_Buy,Exit on session close,$194.24,$8377.78,$5.76,$1800.00,$537.50,$343.26,86,
198,ES DEC25,Backtest,CrabelPattern5_NQ,Long,1,3304.75,3333.50,10/23/2018 3:40:00 PM,10/23/2018 11:00:00 PM,Crabel_Pat5_Buy,Exit on session close,$1431.74,$9809.52,$5.76,$1250.00,$1875.00,$443.26,86,
199,ES DEC25,Backtest,CrabelPattern5_NQ,Long,1,3326.75,3262.25,10/24/2018 3:40:00 PM,10/24/2018 11:00:00 PM,Crabel_Pat5_Buy,Exit on session close,($3230.76),$6578.76,$5.76,$4350.00,$212.50,$3443.26,86,
200,ES DEC25,Backtest,CrabelPattern5_NQ,Long,1,3260.50,3269.00,10/25/2018 3:40:00 PM,10/25/2018 11:00:00 PM,Crabel_Pat5_Buy,Exit on session close,$419.24,$6998.00,$5.76,$275.00,$2537.50,$2118.26,87,
201,ES DEC25,Backtest,CrabelPattern5_NQ,Long,1,3246.50,3249.75,10/26/2018 3:40:00 PM,10/26/2018 11:00:00 PM,Crabel_Pat5_Buy,Exit on session close,$156.74,$7154.74,$5.76,$1587.50,$1687.50,$1530.76,86,
202,ES DEC25,Backtest,CrabelPattern5_NQ,Long,1,3329.00,3316.25,11/13/2018 3:40:00 PM,11/13/2018 11:00:00 PM,Crabel_Pat5_Buy,Exit on session close,($643.26),$6511.48,$5.76,$1350.00,$712.50,$1355.76,86,
203,ES DEC25,Backtest,CrabelPattern5_NQ,Long,1,3274.50,3321.50,11/15/2018 3:40:00 PM,11/15/2018 11:00:00 PM,Crabel_Pat5_Buy,Exit on session close,$2344.24,$8855.72,$5.76,$787.50,$2487.50,$143.26,86,
204,ES DEC25,Backtest,CrabelPattern5_NQ,Long,1,3154.00,3115.50,12/18/2018 3:40:00 PM,12/18/2018 11:00:00 PM,Crabel_Pat5_Buy,Exit on session close,($1930.76),$6924.96,$5.76,$2025.00,$362.50,$2293.26,86,
205,ES DEC25,Backtest,CrabelPattern5_NQ,Long,1,3138.25,3086.75,12/19/2018 3:40:00 PM,12/19/2018 11:00:00 PM,Crabel_Pat5_Buy,Exit on session close,($2580.76),$4344.20,$5.76,$3262.50,$1862.50,$4443.26,86,
206,ES DEC25,Backtest,CrabelPattern5_NQ,Long,1,3086.25,3071.25,12/20/2018 3:40:00 PM,12/20/2018 11:00:00 PM,Crabel_Pat5_Buy,Exit on session close,($755.76),$3588.44,$5.76,$3062.50,$462.50,$1218.26,86,
207,ES DEC25,Backtest,CrabelPattern5_NQ,Long,1,3061.50,3004.75,12/21/2018 3:40:00 PM,12/21/2018 11:00:00 PM,Crabel_Pat5_Buy,Exit on session close,($2843.26),$745.18,$5.76,$3437.50,$1500.00,$4343.26,86,
208,ES DEC25,Backtest,CrabelPattern5_NQ,Long,1,2991.00,2925.75,12/24/2018 3:40:00 PM,12/24/2018 7:15:00 PM,Crabel_Pat5_Buy,Exit on session close,($3268.26),($2523.08),$5.76,$3350.00,$250.00,$3518.26,44,
209,ES DEC25,Backtest,CrabelPattern5_NQ,Long,1,2963.00,3051.50,12/26/2018 3:40:00 PM,12/26/2018 11:00:00 PM,Crabel_Pat5_Buy,Exit on session close,$4419.24,$1896.16,$5.76,$1700.00,$4912.50,$493.26,86,
210,ES DEC25,Backtest,CrabelPattern5_NQ,Long,1,3348.50,3332.75,3/7/2019 3:40:00 PM,3/7/2019 11:00:00 PM,Crabel_Pat5_Buy,Exit on session close,($793.26),$1102.90,$5.76,$1312.50,$0.00,$793.26,86,
211,ES DEC25,Backtest,CrabelPattern5_NQ,Long,1,3307.25,3332.25,3/8/2019 3:40:00 PM,3/8/2019 11:00:00 PM,Crabel_Pat5_Buy,Exit on session close,$1244.24,$2347.14,$5.76,$112.50,$1250.00,$5.76,86,
212,ES DEC25,Backtest,CrabelPattern5_NQ,Long,1,3486.75,3488.25,5/6/2019 3:40:00 PM,5/6/2019 11:00:00 PM,Crabel_Pat5_Buy,Exit on session close,$69.24,$2416.38,$5.76,$162.50,$1500.00,$1430.76,86,
213,ES DEC25,Backtest,CrabelPattern5_NQ,Long,1,3435.75,3450.75,5/9/2019 3:40:00 PM,5/9/2019 11:00:00 PM,Crabel_Pat5_Buy,Exit on session close,$744.24,$3160.62,$5.76,$1050.00,$987.50,$243.26,86,
214,ES DEC25,Backtest,CrabelPattern5_NQ,Long,1,3438.25,3465.75,5/10/2019 3:40:00 PM,5/10/2019 11:00:00 PM,Crabel_Pat5_Buy,Exit on session close,$1369.24,$4529.86,$5.76,$1687.50,$1662.50,$293.26,86,
215,ES DEC25,Backtest,CrabelPattern5_NQ,Long,1,3411.50,3386.75,5/13/2019 3:40:00 PM,5/13/2019 11:00:00 PM,Crabel_Pat5_Buy,Exit on session close,($1243.26),$3286.60,$5.76,$1550.00,$237.50,$1480.76,87,
216,ES DEC25,Backtest,CrabelPattern5_NQ,Long,1,3334.75,3331.00,5/31/2019 3:40:00 PM,5/31/2019 11:00:00 PM,Crabel_Pat5_Buy,Exit on session close,($193.26),$3093.34,$5.76,$312.50,$662.50,$855.76,86,
217,ES DEC25,Backtest,CrabelPattern5_NQ,Long,1,3560.50,3523.25,8/1/2019 3:40:00 PM,8/1/2019 11:00:00 PM,Crabel_Pat5_Buy,Exit on session close,($1868.26),$1225.08,$5.76,$2075.00,$1412.50,$3280.76,86,
218,ES DEC25,Backtest,CrabelPattern5_NQ,Long,1,3516.50,3509.00,8/2/2019 3:40:00 PM,8/2/2019 11:00:00 PM,Crabel_Pat5_Buy,Exit on session close,($380.76),$844.32,$5.76,$1425.00,$200.00,$580.76,86,
219,ES DEC25,Backtest,CrabelPattern5_NQ,Long,1,3457.50,3399.25,8/5/2019 3:40:00 PM,8/5/2019 11:00:00 PM,Crabel_Pat5_Buy,Exit on session close,($2918.26),($2073.94),$5.76,$3125.00,$62.50,$2980.76,86,
220,ES DEC25,Backtest,CrabelPattern5_NQ,Long,1,3441.50,3450.00,8/6/2019 3:40:00 PM,8/6/2019 11:00:00 PM,Crabel_Pat5_Buy,Exit on session close,$419.24,($1654.70),$5.76,$1050.00,$837.50,$418.26,86,
221,ES DEC25,Backtest,CrabelPattern5_NQ,Long,1,3657.00,3664.50,12/3/2019 3:40:00 PM,12/3/2019 11:00:00 PM,Crabel_Pat5_Buy,Exit on session close,$369.24,($1285.46),$5.76,$737.50,$525.00,$155.76,86,
222,ES DEC25,Backtest,CrabelPattern5_NQ,Long,1,3677.00,3683.50,12/4/2019 3:40:00 PM,12/4/2019 11:00:00 PM,Crabel_Pat5_Buy,Exit on session close,$319.24,($966.22),$5.76,$0.00,$762.50,$443.26,86,
223,ES DEC25,Backtest,CrabelPattern5_NQ,Long,1,3804.25,3708.75,2/25/2020 3:40:00 PM,2/25/2020 11:00:00 PM,Crabel_Pat5_Buy,Exit on session close,($4780.76),($5746.98),$5.76,$5837.50,$512.50,$5293.26,86,
224,ES DEC25,Backtest,CrabelPattern5_NQ,Long,1,3717.25,3670.25,2/26/2020 3:40:00 PM,2/26/2020 11:00:00 PM,Crabel_Pat5_Buy,Exit on session close,($2355.76),($8102.74),$5.76,$2450.00,$1750.00,$4105.76,86,
225,ES DEC25,Backtest,CrabelPattern5_NQ,Long,1,3618.25,3519.50,2/27/2020 3:40:00 PM,2/27/2020 11:00:00 PM,Crabel_Pat5_Buy,Exit on session close,($4943.26),($13046.00),$5.76,$5175.00,$2412.50,$7355.76,86,
226,ES DEC25,Backtest,CrabelPattern5_NQ,Long,1,3484.25,3558.25,2/28/2020 3:40:00 PM,2/28/2020 11:00:00 PM,Crabel_Pat5_Buy,Exit on session close,$3694.24,($9351.76),$5.76,$3037.50,$4100.00,$405.76,86,
227,ES DEC25,Backtest,CrabelPattern5_NQ,Long,1,3411.25,3447.00,3/10/2020 2:40:00 PM,3/10/2020 10:00:00 PM,Crabel_Pat5_Buy,Exit on session close,$1781.74,($7570.02),$5.76,$5625.00,$2187.50,$405.76,86,
228,ES DEC25,Backtest,CrabelPattern5_NQ,Long,1,2850.75,2798.50,3/23/2020 2:40:00 PM,3/23/2020 10:00:00 PM,Crabel_Pat5_Buy,Exit on session close,($2618.26),($10188.28),$5.76,$4500.00,$1062.50,$3680.76,86,
229,ES DEC25,Backtest,CrabelPattern5_NQ,Long,1,3365.50,3429.25,5/14/2020 3:40:00 PM,5/14/2020 11:00:00 PM,Crabel_Pat5_Buy,Exit on session close,$3181.74,($7006.54),$5.76,$1200.00,$3475.00,$293.26,86,
230,ES DEC25,Backtest,CrabelPattern5_NQ,Long,1,3656.00,3616.25,6/12/2020 3:40:00 PM,6/12/2020 11:00:00 PM,Crabel_Pat5_Buy,Exit on session close,($1993.26),($8999.80),$5.76,$4662.50,$625.00,$2618.26,86,
231,ES DEC25,Backtest,CrabelPattern5_NQ,Long,1,3547.75,3657.25,6/15/2020 3:40:00 PM,6/15/2020 11:00:00 PM,Crabel_Pat5_Buy,Exit on session close,$5469.24,($3530.56),$5.76,$50.00,$5612.50,$143.26,86,
232,ES DEC25,Backtest,CrabelPattern5_NQ,Long,1,3664.25,3701.75,6/22/2020 3:40:00 PM,6/22/2020 11:00:00 PM,Crabel_Pat5_Buy,Exit on session close,$1869.24,($1661.32),$5.76,$312.50,$2087.50,$218.26,87,
233,ES DEC25,Backtest,CrabelPattern5_NQ,Long,1,3951.00,3927.50,9/8/2020 3:40:00 PM,9/8/2020 11:00:00 PM,Crabel_Pat5_Buy,Exit on session close,($1180.76),($2842.08),$5.76,$1587.50,$1012.50,$2193.26,87,
234,ES DEC25,Backtest,CrabelPattern5_NQ,Long,1,3855.75,3875.25,9/21/2020 3:40:00 PM,9/21/2020 11:00:00 PM,Crabel_Pat5_Buy,Exit on session close,$969.24,($1872.84),$5.76,$1825.00,$1250.00,$280.76,86,
235,ES DEC25,Backtest,CrabelPattern5_NQ,Long,1,3887.00,3902.25,9/22/2020 3:40:00 PM,9/22/2020 11:00:00 PM,Crabel_Pat5_Buy,Exit on session close,$756.74,($1116.10),$5.76,$1337.50,$1200.00,$443.26,87,
236,ES DEC25,Backtest,CrabelPattern5_NQ,Long,1,4045.00,4043.00,10/19/2020 3:40:00 PM,10/19/2020 11:00:00 PM,Crabel_Pat5_Buy,Exit on session close,($105.76),($1221.86),$5.76,$762.50,$75.00,$180.76,89,
237,ES DEC25,Backtest,CrabelPattern5_NQ,Long,1,3921.25,3876.25,10/28/2020 2:40:00 PM,10/28/2020 10:00:00 PM,Crabel_Pat5_Buy,Exit on session close,($2255.76),($3477.62),$5.76,$2950.00,$425.00,$2680.76,86,
238,ES DEC25,Backtest,CrabelPattern5_NQ,Long,1,3871.50,3877.00,10/29/2020 2:40:00 PM,10/29/2020 10:00:00 PM,Crabel_Pat5_Buy,Exit on session close,$269.24,($3208.38),$5.76,$987.50,$3187.50,$2918.26,86,
239,ES DEC25,Backtest,CrabelPattern5_NQ,Long,1,4514.25,4545.50,2/12/2021 3:40:00 PM,2/12/2021 11:00:00 PM,Crabel_Pat5_Buy,Exit on session close,$1556.74,($1651.64),$5.76,$87.50,$1587.50,$30.76,86,
240,ES DEC25,Backtest,CrabelPattern5_NQ,Long,1,4449.50,4485.75,2/23/2021 3:40:00 PM,2/23/2021 11:00:00 PM,Crabel_Pat5_Buy,Exit on session close,$1806.74,$155.10,$5.76,$1750.00,$2625.00,$818.26,86,
241,ES DEC25,Backtest,CrabelPattern5_NQ,Long,1,4481.00,4533.25,2/24/2021 3:40:00 PM,2/24/2021 11:00:00 PM,Crabel_Pat5_Buy,Exit on session close,$2606.74,$2761.84,$5.76,$787.50,$2825.00,$218.26,86,
242,ES DEC25,Backtest,CrabelPattern5_NQ,Long,1,4407.50,4450.25,3/5/2021 3:40:00 PM,3/5/2021 11:00:00 PM,Crabel_Pat5_Buy,Exit on session close,$2131.74,$4893.58,$5.76,$3462.50,$2612.50,$480.76,87,
243,ES DEC25,Backtest,CrabelPattern5_NQ,Long,1,4705.50,4730.00,5/13/2021 3:40:00 PM,5/13/2021 11:00:00 PM,Crabel_Pat5_Buy,Exit on session close,$1219.24,$6112.82,$5.76,$237.50,$2025.00,$805.76,86,
244,ES DEC25,Backtest,CrabelPattern5_NQ,Long,1,4745.00,4771.25,5/20/2021 3:40:00 PM,5/20/2021 11:00:00 PM,Crabel_Pat5_Buy,Exit on session close,$1306.74,$7419.56,$5.76,$37.50,$2175.00,$868.26,86,
245,ES DEC25,Backtest,CrabelPattern5_NQ,Long,1,4805.75,4770.50,6/18/2021 3:40:00 PM,6/18/2021 11:00:00 PM,Crabel_Pat5_Buy,Exit on session close,($1768.26),$5651.30,$5.76,$1812.50,$337.50,$2105.76,86,
246,ES DEC25,Backtest,CrabelPattern5_NQ,Long,1,4794.00,4847.25,6/21/2021 3:40:00 PM,6/21/2021 11:00:00 PM,Crabel_Pat5_Buy,Exit on session close,$2656.74,$8308.04,$5.76,$25.00,$2725.00,$68.26,86,
247,ES DEC25,Backtest,CrabelPattern5_NQ,Long,1,4927.75,4939.00,7/8/2021 3:40:00 PM,7/8/2021 11:00:00 PM,Crabel_Pat5_Buy,Exit on session close,$556.74,$8864.78,$5.76,$937.50,$1187.50,$630.76,89,
248,ES DEC25,Backtest,CrabelPattern5_NQ,Long,1,4889.50,4947.75,7/20/2021 3:40:00 PM,7/20/2021 11:00:00 PM,Crabel_Pat5_Buy,Exit on session close,$2906.74,$11771.52,$5.76,$187.50,$3412.50,$505.76,89,
249,ES DEC25,Backtest,CrabelPattern5_NQ,Long,1,5018.75,5024.00,7/30/2021 3:40:00 PM,7/30/2021 11:00:00 PM,Crabel_Pat5_Buy,Exit on session close,$256.74,$12028.26,$5.76,$387.50,$750.00,$493.26,89,
250,ES DEC25,Backtest,CrabelPattern5_NQ,Long,1,5114.75,5105.00,9/13/2021 3:40:00 PM,9/13/2021 11:00:00 PM,Crabel_Pat5_Buy,Exit on session close,($493.26),$11535.00,$5.76,$2100.00,$125.00,$618.26,89,
251,ES DEC25,Backtest,CrabelPattern5_NQ,Long,1,5002.50,4974.50,9/21/2021 3:40:00 PM,9/21/2021 11:00:00 PM,Crabel_Pat5_Buy,Exit on session close,($1405.76),$10129.24,$5.76,$1750.00,$1037.50,$2443.26,89,
252,ES DEC25,Backtest,CrabelPattern5_NQ,Long,1,5302.00,5338.75,11/24/2021 3:40:00 PM,11/24/2021 11:00:00 PM,Crabel_Pat5_Buy,Exit on session close,$1831.74,$11960.98,$5.76,$375.00,$1925.00,$93.26,89,
253,ES DEC25,Backtest,CrabelPattern5_NQ,Long,1,5241.75,5287.50,12/21/2021 3:40:00 PM,12/21/2021 11:00:00 PM,Crabel_Pat5_Buy,Exit on session close,$2281.74,$14242.72,$5.76,$1200.00,$2337.50,$55.76,89,
254,ES DEC25,Backtest,CrabelPattern5_NQ,Long,1,5325.00,5313.00,1/7/2022 3:40:00 PM,1/7/2022 11:00:00 PM,Crabel_Pat5_Buy,Exit on session close,($605.76),$13636.96,$5.76,$1287.50,$1000.00,$1605.76,89,
255,ES DEC25,Backtest,CrabelPattern5_NQ,Long,1,5269.50,5308.00,1/10/2022 3:40:00 PM,1/10/2022 11:00:00 PM,Crabel_Pat5_Buy,Exit on session close,$1919.24,$15556.20,$5.76,$2562.50,$2062.50,$143.26,89,
256,ES DEC25,Backtest,CrabelPattern5_NQ,Long,1,5291.00,5349.75,1/11/2022 3:40:00 PM,1/11/2022 11:00:00 PM,Crabel_Pat5_Buy,Exit on session close,$2931.74,$18487.94,$5.76,$912.50,$3100.00,$168.26,89,
257,ES DEC25,Backtest,CrabelPattern5_NQ,Long,1,5195.25,5101.75,1/20/2022 3:40:00 PM,1/20/2022 11:00:00 PM,Crabel_Pat5_Buy,Exit on session close,($4680.76),$13807.18,$5.76,$5600.00,$2225.00,$6905.76,89,
258,ES DEC25,Backtest,CrabelPattern5_NQ,Long,1,5116.25,5027.00,1/21/2022 3:40:00 PM,1/21/2022 11:00:00 PM,Crabel_Pat5_Buy,Exit on session close,($4468.26),$9338.92,$5.76,$4475.00,$812.50,$5280.76,89,
259,ES DEC25,Backtest,CrabelPattern5_NQ,Long,1,4971.00,5053.00,1/24/2022 3:40:00 PM,1/24/2022 11:00:00 PM,Crabel_Pat5_Buy,Exit on session close,$4094.24,$13433.16,$5.76,$5637.50,$4300.00,$205.76,89,
260,ES DEC25,Backtest,CrabelPattern5_NQ,Long,1,4979.00,4951.75,1/25/2022 3:40:00 PM,1/25/2022 11:00:00 PM,Crabel_Pat5_Buy,Exit on session close,($1368.26),$12064.90,$5.76,$2850.00,$3462.50,$4830.76,89,
261,ES DEC25,Backtest,CrabelPattern5_NQ,Long,1,4949.25,5065.25,1/28/2022 3:40:00 PM,1/28/2022 11:00:00 PM,Crabel_Pat5_Buy,Exit on session close,$5794.24,$17859.14,$5.76,$1037.50,$6112.50,$318.26,89,
262,ES DEC25,Backtest,CrabelPattern5_NQ,Long,1,4959.50,4957.75,2/22/2022 3:40:00 PM,2/22/2022 11:00:00 PM,Crabel_Pat5_Buy,Exit on session close,($93.26),$17765.88,$5.76,$2625.00,$2237.50,$2330.76,89,
263,ES DEC25,Backtest,CrabelPattern5_NQ,Long,1,4838.75,4797.75,3/8/2022 3:40:00 PM,3/8/2022 11:00:00 PM,Crabel_Pat5_Buy,Exit on session close,($2055.76),$15710.12,$5.76,$2250.00,$4087.50,$6143.26,89,
264,ES DEC25,Backtest,CrabelPattern5_NQ,Long,1,4854.50,4902.75,3/15/2022 2:40:00 PM,3/15/2022 10:00:00 PM,Crabel_Pat5_Buy,Exit on session close,$2406.74,$18116.86,$5.76,$1162.50,$3075.00,$668.26,89,
265,ES DEC25,Backtest,CrabelPattern5_NQ,Long,1,5052.50,5091.00,4/13/2022 3:40:00 PM,4/13/2022 11:00:00 PM,Crabel_Pat5_Buy,Exit on session close,$1919.24,$20036.10,$5.76,$425.00,$2487.50,$568.26,89,
266,ES DEC25,Backtest,CrabelPattern5_NQ,Long,1,4882.25,4947.00,4/25/2022 3:40:00 PM,4/25/2022 11:00:00 PM,Crabel_Pat5_Buy,Exit on session close,$3231.74,$23267.84,$5.76,$1712.50,$3350.00,$118.26,89,
267,ES DEC25,Backtest,CrabelPattern5_NQ,Long,1,4910.75,4793.50,4/26/2022 3:40:00 PM,4/26/2022 11:00:00 PM,Crabel_Pat5_Buy,Exit on session close,($5868.26),$17399.58,$5.76,$6062.50,$312.50,$6180.76,89,
268,ES DEC25,Backtest,CrabelPattern5_NQ,Long,1,4705.25,4644.25,5/10/2022 3:40:00 PM,5/10/2022 11:00:00 PM,Crabel_Pat5_Buy,Exit on session close,($3055.76),$14343.82,$5.76,$4975.00,$125.00,$3180.76,89,
269,ES DEC25,Backtest,CrabelPattern5_NQ,Long,1,4628.75,4595.75,5/11/2022 3:40:00 PM,5/11/2022 11:00:00 PM,Crabel_Pat5_Buy,Exit on session close,($1655.76),$12688.06,$5.76,$2612.50,$3450.00,$5105.76,89,
270,ES DEC25,Backtest,CrabelPattern5_NQ,Long,1,4465.50,4409.00,6/13/2022 3:40:00 PM,6/13/2022 11:00:00 PM,Crabel_Pat5_Buy,Exit on session close,($2830.76),$9857.30,$5.76,$3937.50,$275.00,$3105.76,89,
271,ES DEC25,Backtest,CrabelPattern5_NQ,Long,1,4420.50,4394.00,6/14/2022 3:40:00 PM,6/14/2022 11:00:00 PM,Crabel_Pat5_Buy,Exit on session close,($1330.76),$8526.54,$5.76,$3025.00,$650.00,$1980.76,89,
272,ES DEC25,Backtest,CrabelPattern5_NQ,Long,1,4349.75,4331.50,6/16/2022 3:40:00 PM,6/16/2022 11:00:00 PM,Crabel_Pat5_Buy,Exit on session close,($918.26),$7608.28,$5.76,$2812.50,$237.50,$1155.76,89,
273,ES DEC25,Backtest,CrabelPattern5_NQ,Long,1,4424.25,4432.50,6/30/2022 3:40:00 PM,6/30/2022 11:00:00 PM,Crabel_Pat5_Buy,Exit on session close,$406.74,$8015.02,$5.76,$1575.00,$2500.00,$2093.26,89,
274,ES DEC25,Backtest,CrabelPattern5_NQ,Long,1,4434.75,4477.00,7/1/2022 3:40:00 PM,7/1/2022 11:00:00 PM,Crabel_Pat5_Buy,Exit on session close,$2106.74,$10121.76,$5.76,$1487.50,$2512.50,$405.76,89,
275,ES DEC25,Backtest,CrabelPattern5_NQ,Long,1,4426.50,4447.50,7/13/2022 3:40:00 PM,7/13/2022 11:00:00 PM,Crabel_Pat5_Buy,Exit on session close,$1044.24,$11166.00,$5.76,$512.50,$2987.50,$1943.26,89,
276,ES DEC25,Backtest,CrabelPattern5_NQ,Long,1,4398.25,4447.50,7/14/2022 3:40:00 PM,7/14/2022 11:00:00 PM,Crabel_Pat5_Buy,Exit on session close,$2456.74,$13622.74,$5.76,$1150.00,$2662.50,$205.76,89,
277,ES DEC25,Backtest,CrabelPattern5_NQ,Long,1,4781.75,4780.75,8/9/2022 3:40:00 PM,8/9/2022 11:00:00 PM,Crabel_Pat5_Buy,Exit on session close,($55.76),$13566.98,$5.76,$862.50,$400.00,$455.76,89,
278,ES DEC25,Backtest,CrabelPattern5_NQ,Long,1,4773.50,4801.00,8/24/2022 3:40:00 PM,8/24/2022 11:00:00 PM,Crabel_Pat5_Buy,Exit on session close,$1369.24,$14936.22,$5.76,$37.50,$1825.00,$455.76,89,
279,ES DEC25,Backtest,CrabelPattern5_NQ,Long,1,4642.50,4612.00,8/31/2022 3:40:00 PM,8/31/2022 11:00:00 PM,Crabel_Pat5_Buy,Exit on session close,($1530.76),$13405.46,$5.76,$1900.00,$1300.00,$2830.76,89,
280,ES DEC25,Backtest,CrabelPattern5_NQ,Long,1,4576.25,4619.50,9/1/2022 3:40:00 PM,9/1/2022 11:00:00 PM,Crabel_Pat5_Buy,Exit on session close,$2156.74,$15562.20,$5.76,$1062.50,$2325.00,$168.26,89,
281,ES DEC25,Backtest,CrabelPattern5_NQ,Long,1,4516.50,4513.50,9/20/2022 3:40:00 PM,9/20/2022 11:00:00 PM,Crabel_Pat5_Buy,Exit on session close,($155.76),$15406.44,$5.76,$1975.00,$525.00,$680.76,89,
282,ES DEC25,Backtest,CrabelPattern5_NQ,Long,1,4362.50,4345.25,9/23/2022 3:40:00 PM,9/23/2022 11:00:00 PM,Crabel_Pat5_Buy,Exit on session close,($868.26),$14538.18,$5.76,$3425.00,$12.50,$880.76,89,
283,ES DEC25,Backtest,CrabelPattern5_NQ,Long,1,4339.50,4301.00,9/26/2022 3:40:00 PM,9/26/2022 11:00:00 PM,Crabel_Pat5_Buy,Exit on session close,($1930.76),$12607.42,$5.76,$2412.50,$1237.50,$3168.26,89,
284,ES DEC25,Backtest,CrabelPattern5_NQ,Long,1,4353.75,4299.00,9/27/2022 3:40:00 PM,9/27/2022 11:00:00 PM,Crabel_Pat5_Buy,Exit on session close,($2743.26),$9864.16,$5.76,$4237.50,$650.00,$3393.26,89,
285,ES DEC25,Backtest,CrabelPattern5_NQ,Long,1,4290.00,4261.25,10/10/2022 3:40:00 PM,10/10/2022 11:00:00 PM,Crabel_Pat5_Buy,Exit on session close,($1443.26),$8420.90,$5.76,$2812.50,$262.50,$1705.76,89,
286,ES DEC25,Backtest,CrabelPattern5_NQ,Long,1,4234.50,4242.00,10/11/2022 3:40:00 PM,10/11/2022 11:00:00 PM,Crabel_Pat5_Buy,Exit on session close,$369.24,$8790.14,$5.76,$1087.50,$2625.00,$2255.76,89,
287,ES DEC25,Backtest,CrabelPattern5_NQ,Long,1,4225.50,4227.00,10/12/2022 3:40:00 PM,10/12/2022 11:00:00 PM,Crabel_Pat5_Buy,Exit on session close,$69.24,$8859.38,$5.76,$225.00,$1450.00,$1380.76,89,
288,ES DEC25,Backtest,CrabelPattern5_NQ,Long,1,4153.50,4314.00,10/13/2022 3:40:00 PM,10/13/2022 11:00:00 PM,Crabel_Pat5_Buy,Exit on session close,$8019.24,$16878.62,$5.76,$687.50,$8900.00,$880.76,89,
289,ES DEC25,Backtest,CrabelPattern5_NQ,Long,1,4365.00,4359.25,11/3/2022 2:40:00 PM,11/3/2022 10:00:00 PM,Crabel_Pat5_Buy,Exit on session close,($293.26),$16585.36,$5.76,$1350.00,$1362.50,$1655.76,89,
290,ES DEC25,Backtest,CrabelPattern5_NQ,Long,1,4602.25,4726.75,11/30/2022 3:40:00 PM,11/30/2022 11:00:00 PM,Crabel_Pat5_Buy,Exit on session close,$6219.24,$22804.60,$5.76,$1287.50,$6250.00,$30.76,89,
291,ES DEC25,Backtest,CrabelPattern5_NQ,Long,1,4580.25,4568.25,12/7/2022 3:40:00 PM,12/7/2022 11:00:00 PM,Crabel_Pat5_Buy,Exit on session close,($605.76),$22198.84,$5.76,$1112.50,$750.00,$1355.76,89,
292,ES DEC25,Backtest,CrabelPattern5_NQ,Long,1,4474.75,4442.50,12/19/2022 3:40:00 PM,12/19/2022 11:00:00 PM,Crabel_Pat5_Buy,Exit on session close,($1618.26),$20580.58,$5.76,$2337.50,$462.50,$2080.76,89,
293,ES DEC25,Backtest,CrabelPattern5_NQ,Long,1,4437.25,4454.25,12/20/2022 3:40:00 PM,12/20/2022 11:00:00 PM,Crabel_Pat5_Buy,Exit on session close,$844.24,$21424.82,$5.76,$712.50,$1500.00,$655.76,89,
294,ES DEC25,Backtest,CrabelPattern5_NQ,Long,1,4527.50,4521.00,1/19/2023 3:40:00 PM,1/19/2023 11:00:00 PM,Crabel_Pat5_Buy,Exit on session close,($330.76),$21094.06,$5.76,$1250.00,$675.00,$1005.76,89,
295,ES DEC25,Backtest,CrabelPattern5_NQ,Long,1,4516.75,4588.75,1/20/2023 3:40:00 PM,1/20/2023 11:00:00 PM,Crabel_Pat5_Buy,Exit on session close,$3594.24,$24688.30,$5.76,$187.50,$3725.00,$130.76,89,
296,ES DEC25,Backtest,CrabelPattern5_NQ,Long,1,4653.50,4608.50,2/21/2023 3:40:00 PM,2/21/2023 11:00:00 PM,Crabel_Pat5_Buy,Exit on session close,($2255.76),$22432.54,$5.76,$2537.50,$175.00,$2430.76,89,
297,ES DEC25,Backtest,CrabelPattern5_NQ,Long,1,4611.00,4609.25,2/22/2023 3:40:00 PM,2/22/2023 11:00:00 PM,Crabel_Pat5_Buy,Exit on session close,($93.26),$22339.28,$5.76,$1325.00,$737.50,$830.76,89,
298,ES DEC25,Backtest,CrabelPattern5_NQ,Long,1,4570.50,4575.25,2/24/2023 3:40:00 PM,2/24/2023 11:00:00 PM,Crabel_Pat5_Buy,Exit on session close,$231.74,$22571.02,$5.76,$1112.50,$712.50,$480.76,89,
299,ES DEC25,Backtest,CrabelPattern5_NQ,Long,1,4697.00,4735.00,4/13/2023 3:40:00 PM,4/13/2023 11:00:00 PM,Crabel_Pat5_Buy,Exit on session close,$1894.24,$24465.26,$5.76,$312.50,$2312.50,$418.26,89,
300,ES DEC25,Backtest,CrabelPattern5_NQ,Long,1,4663.00,4640.75,5/4/2023 3:40:00 PM,5/4/2023 11:00:00 PM,Crabel_Pat5_Buy,Exit on session close,($1118.26),$23347.00,$5.76,$1725.00,$75.00,$1193.26,89,
301,ES DEC25,Backtest,CrabelPattern5_NQ,Long,1,4938.25,4932.50,6/21/2023 3:40:00 PM,6/21/2023 11:00:00 PM,Crabel_Pat5_Buy,Exit on session close,($293.26),$23053.74,$5.76,$612.50,$750.00,$1043.26,89,
302,ES DEC25,Backtest,CrabelPattern5_NQ,Long,1,4918.00,4947.75,6/22/2023 3:40:00 PM,6/22/2023 11:00:00 PM,Crabel_Pat5_Buy,Exit on session close,$1481.74,$24535.48,$5.76,$87.50,$1575.00,$93.26,89,
303,ES DEC25,Backtest,CrabelPattern5_NQ,Long,1,4913.00,4911.00,6/23/2023 3:40:00 PM,6/23/2023 11:00:00 PM,Crabel_Pat5_Buy,Exit on session close,($105.76),$24429.72,$5.76,$450.00,$875.00,$980.76,89,
304,ES DEC25,Backtest,CrabelPattern5_NQ,Long,1,4965.25,4960.50,7/7/2023 3:40:00 PM,7/7/2023 11:00:00 PM,Crabel_Pat5_Buy,Exit on session close,($243.26),$24186.46,$5.76,$550.00,$1662.50,$1905.76,89,
305,ES DEC25,Backtest,CrabelPattern5_NQ,Long,1,4962.00,4967.75,7/10/2023 3:40:00 PM,7/10/2023 11:00:00 PM,Crabel_Pat5_Buy,Exit on session close,$281.74,$24468.20,$5.76,$775.00,$437.50,$155.76,89,
306,ES DEC25,Backtest,CrabelPattern5_NQ,Long,1,5046.75,5062.50,8/7/2023 3:40:00 PM,8/7/2023 11:00:00 PM,Crabel_Pat5_Buy,Exit on session close,$781.74,$25249.94,$5.76,$687.50,$875.00,$93.26,89,
307,ES DEC25,Backtest,CrabelPattern5_NQ,Long,1,4989.00,5006.75,8/11/2023 3:40:00 PM,8/11/2023 11:00:00 PM,Crabel_Pat5_Buy,Exit on session close,$881.74,$26131.68,$5.76,$287.50,$1325.00,$443.26,89,
308,ES DEC25,Backtest,CrabelPattern5_NQ,Long,1,4884.75,4902.50,8/18/2023 3:40:00 PM,8/18/2023 11:00:00 PM,Crabel_Pat5_Buy,Exit on session close,$881.74,$27013.42,$5.76,$387.50,$1687.50,$805.76,89,
309,ES DEC25,Backtest,CrabelPattern5_NQ,Long,1,4965.25,4979.75,9/7/2023 3:40:00 PM,9/7/2023 11:00:00 PM,Crabel_Pat5_Buy,Exit on session close,$719.24,$27732.66,$5.76,$425.00,$1012.50,$293.26,89,
310,ES DEC25,Backtest,CrabelPattern5_NQ,Long,1,4987.00,4986.00,9/8/2023 3:40:00 PM,9/8/2023 11:00:00 PM,Crabel_Pat5_Buy,Exit on session close,($55.76),$27676.90,$5.76,$650.00,$650.00,$705.76,89,
311,ES DEC25,Backtest,CrabelPattern5_NQ,Long,1,4852.75,4836.00,9/22/2023 3:40:00 PM,9/22/2023 11:00:00 PM,Crabel_Pat5_Buy,Exit on session close,($843.26),$26833.64,$5.76,$1112.50,$975.00,$1818.26,89,
312,ES DEC25,Backtest,CrabelPattern5_NQ,Long,1,4818.50,4856.00,9/25/2023 3:40:00 PM,9/25/2023 11:00:00 PM,Crabel_Pat5_Buy,Exit on session close,$1869.24,$28702.88,$5.76,$75.00,$1912.50,$43.26,89,
313,ES DEC25,Backtest,CrabelPattern5_NQ,Long,1,4823.00,4792.75,9/26/2023 3:40:00 PM,9/26/2023 11:00:00 PM,Crabel_Pat5_Buy,Exit on session close,($1518.26),$27184.62,$5.76,$2212.50,$212.50,$1730.76,89,
314,ES DEC25,Backtest,CrabelPattern5_NQ,Long,1,4749.75,4764.00,10/4/2023 3:40:00 PM,10/4/2023 11:00:00 PM,Crabel_Pat5_Buy,Exit on session close,$706.74,$27891.36,$5.76,$1112.50,$1375.00,$668.26,89,
315,ES DEC25,Backtest,CrabelPattern5_NQ,Long,1,4701.50,4724.00,10/23/2023 3:40:00 PM,10/23/2023 11:00:00 PM,Crabel_Pat5_Buy,Exit on session close,$1119.24,$29010.60,$5.76,$750.00,$2625.00,$1505.76,89,
316,ES DEC25,Backtest,CrabelPattern5_NQ,Long,1,5181.75,5169.25,1/3/2024 3:40:00 PM,1/3/2024 11:00:00 PM,Crabel_Pat5_Buy,Exit on session close,($630.76),$28379.84,$5.76,$1012.50,$525.00,$1155.76,89,
317,ES DEC25,Backtest,CrabelPattern5_NQ,Long,1,5166.00,5152.75,1/4/2024 3:40:00 PM,1/4/2024 11:00:00 PM,Crabel_Pat5_Buy,Exit on session close,($668.26),$27711.58,$5.76,$925.00,$1050.00,$1718.26,89,
318,ES DEC25,Backtest,CrabelPattern5_NQ,Long,1,5156.75,5156.00,1/5/2024 3:40:00 PM,1/5/2024 11:00:00 PM,Crabel_Pat5_Buy,Exit on session close,($43.26),$27668.32,$5.76,$825.00,$1200.00,$1243.26,89,
319,ES DEC25,Backtest,CrabelPattern5_NQ,Long,1,5209.00,5231.25,1/18/2024 3:40:00 PM,1/18/2024 11:00:00 PM,Crabel_Pat5_Buy,Exit on session close,$1106.74,$28775.06,$5.76,$925.00,$1425.00,$318.26,89,
320,ES DEC25,Backtest,CrabelPattern5_NQ,Long,1,5421.00,5404.25,4/18/2024 3:40:00 PM,4/18/2024 11:00:00 PM,Crabel_Pat5_Buy,Exit on session close,($843.26),$27931.80,$5.76,$1312.50,$1525.00,$2368.26,89,
321,ES DEC25,Backtest,CrabelPattern5_NQ,Long,1,5402.50,5359.75,4/19/2024 3:40:00 PM,4/19/2024 11:00:00 PM,Crabel_Pat5_Buy,Exit on session close,($2143.26),$25788.54,$5.76,$2750.00,$587.50,$2730.76,89,
322,ES DEC25,Backtest,CrabelPattern5_NQ,Long,1,5380.50,5405.25,4/22/2024 3:40:00 PM,4/22/2024 11:00:00 PM,Crabel_Pat5_Buy,Exit on session close,$1231.74,$27020.28,$5.76,$912.50,$2625.00,$1393.26,89,
323,ES DEC25,Backtest,CrabelPattern5_NQ,Long,1,5613.50,5655.50,5/31/2024 3:40:00 PM,5/31/2024 11:00:00 PM,Crabel_Pat5_Buy,Exit on session close,$2094.24,$29114.52,$5.76,$2587.50,$2487.50,$393.26,89,
324,ES DEC25,Backtest,CrabelPattern5_NQ,Long,1,5706.50,5740.00,6/11/2024 3:40:00 PM,6/11/2024 11:00:00 PM,Crabel_Pat5_Buy,Exit on session close,$1669.24,$30783.76,$5.76,$787.50,$1800.00,$130.76,89,
325,ES DEC25,Backtest,CrabelPattern5_NQ,Long,1,5814.25,5826.75,6/25/2024 3:40:00 PM,6/25/2024 11:00:00 PM,Crabel_Pat5_Buy,Exit on session close,$619.24,$31403.00,$5.76,$537.50,$862.50,$243.26,89,
326,ES DEC25,Backtest,CrabelPattern5_NQ,Long,1,5882.75,5900.00,7/22/2024 3:40:00 PM,7/22/2024 11:00:00 PM,Crabel_Pat5_Buy,Exit on session close,$856.74,$32259.74,$5.76,$912.50,$1250.00,$393.26,89,
327,ES DEC25,Backtest,CrabelPattern5_NQ,Long,1,5529.50,5540.75,8/6/2024 3:40:00 PM,8/6/2024 11:00:00 PM,Crabel_Pat5_Buy,Exit on session close,$556.74,$32816.48,$5.76,$800.00,$5212.50,$4655.76,89,
328,ES DEC25,Backtest,CrabelPattern5_NQ,Long,1,5826.25,5819.00,9/4/2024 3:40:00 PM,9/4/2024 11:00:00 PM,Crabel_Pat5_Buy,Exit on session close,($368.26),$32448.22,$5.76,$975.00,$1525.00,$1893.26,89,
329,ES DEC25,Backtest,CrabelPattern5_NQ,Long,1,5818.25,5803.25,9/5/2024 3:40:00 PM,9/5/2024 11:00:00 PM,Crabel_Pat5_Buy,Exit on session close,($755.76),$31692.46,$5.76,$1825.00,$1537.50,$2293.26,89,
330,ES DEC25,Backtest,CrabelPattern5_NQ,Long,1,6079.25,6083.75,10/24/2024 3:40:00 PM,10/24/2024 11:00:00 PM,Crabel_Pat5_Buy,Exit on session close,$219.24,$31911.70,$5.76,$1287.50,$425.00,$205.76,89,
331,ES DEC25,Backtest,CrabelPattern5_NQ,Long,1,6117.75,6168.50,11/19/2024 3:40:00 PM,11/19/2024 11:00:00 PM,Crabel_Pat5_Buy,Exit on session close,$2531.74,$34443.44,$5.76,$525.00,$3037.50,$505.76,89,
332,ES DEC25,Backtest,CrabelPattern5_NQ,Long,1,6073.25,6157.25,12/20/2024 3:40:00 PM,12/20/2024 11:00:00 PM,Crabel_Pat5_Buy,Exit on session close,$4194.24,$38637.68,$5.76,$712.50,$6912.50,$2718.26,89,
333,ES DEC25,Backtest,CrabelPattern5_NQ,Long,1,6135.00,6099.00,12/31/2024 3:40:00 PM,12/31/2024 11:00:00 PM,Crabel_Pat5_Buy,Exit on session close,($1805.76),$36831.92,$5.76,$2850.00,$300.00,$2105.76,89,
334,ES DEC25,Backtest,CrabelPattern5_NQ,Long,1,6164.25,6140.50,2/25/2025 3:40:00 PM,2/25/2025 11:00:00 PM,Crabel_Pat5_Buy,Exit on session close,($1193.26),$35638.66,$5.76,$3975.00,$212.50,$1405.76,89,
335,ES DEC25,Backtest,CrabelPattern5_NQ,Long,1,6140.75,6151.00,2/26/2025 3:40:00 PM,2/26/2025 11:00:00 PM,Crabel_Pat5_Buy,Exit on session close,$506.74,$36145.40,$5.76,$1725.00,$2187.50,$1680.76,89,
336,ES DEC25,Backtest,CrabelPattern5_NQ,Long,1,5930.25,5922.00,3/6/2025 3:40:00 PM,3/6/2025 11:00:00 PM,Crabel_Pat5_Buy,Exit on session close,($418.26),$35727.14,$5.76,$2475.00,$2587.50,$3005.76,89,
337,ES DEC25,Backtest,CrabelPattern5_NQ,Long,1,5660.75,5753.00,3/31/2025 3:40:00 PM,3/31/2025 11:00:00 PM,Crabel_Pat5_Buy,Exit on session close,$4606.74,$40333.88,$5.76,$925.00,$6025.00,$1418.26,89,
338,ES DEC25,Backtest,CrabelPattern5_NQ,Long,1,5110.75,5622.00,4/9/2025 3:40:00 PM,4/9/2025 11:00:00 PM,Crabel_Pat5_Buy,Exit on session close,$25556.74,$65890.62,$5.76,$1112.50,$25887.50,$330.76,89,
339,ES DEC25,Backtest,CrabelPattern5_NQ,Long,1,5359.75,5292.50,4/21/2025 3:40:00 PM,4/21/2025 11:00:00 PM,Crabel_Pat5_Buy,Exit on session close,($3368.26),$62522.36,$5.76,$6200.00,$62.50,$3430.76,89,
340,ES DEC25,Backtest,CrabelPattern5_NQ,Long,1,5905.75,5923.25,5/23/2025 3:40:00 PM,5/23/2025 11:00:00 PM,Crabel_Pat5_Buy,Exit on session close,$869.24,$63391.60,$5.76,$600.00,$2325.00,$1455.76,89,
341,ES DEC25,Backtest,CrabelPattern5_NQ,Long,1,6347.50,6320.00,8/1/2025 3:40:00 PM,8/1/2025 11:00:00 PM,Crabel_Pat5_Buy,Exit on session close,($1380.76),$62010.84,$5.76,$2562.50,$312.50,$1693.26,89,
342,ES DEC25,Backtest,CrabelPattern5_NQ,Long,1,6372.25,6426.25,8/4/2025 3:40:00 PM,8/4/2025 11:00:00 PM,Crabel_Pat5_Buy,Exit on session close,$2694.24,$64705.08,$5.76,$50.00,$2725.00,$30.76,89,
343,ES DEC25,Backtest,CrabelPattern5_NQ,Long,1,6478.50,6471.25,8/20/2025 3:40:00 PM,8/20/2025 11:00:00 PM,Crabel_Pat5_Buy,Exit on session close,($368.26),$64336.82,$5.76,$2950.00,$150.00,$518.26,89,
344,ES DEC25,Backtest,CrabelPattern5_NQ,Long,1,6448.25,6447.50,8/21/2025 3:40:00 PM,8/21/2025 11:00:00 PM,Crabel_Pat5_Buy,Exit on session close,($43.26),$64293.56,$5.76,$1062.50,$1037.50,$1080.76,89,
345,ES DEC25,Backtest,CrabelPattern5_NQ,Long,1,6464.00,6541.50,8/22/2025 3:40:00 PM,8/22/2025 11:00:00 PM,Crabel_Pat5_Buy,Exit on session close,$3869.24,$68162.80,$5.76,$62.50,$4450.00,$580.76,89,
346,ES DEC25,Backtest,CrabelPattern5_NQ,Long,1,6649.00,6696.00,11/19/2025 3:40:00 PM,11/19/2025 11:00:00 PM,Crabel_Pat5_Buy,Exit on session close,$2344.24,$70507.04,$5.76,$1350.00,$3000.00,$655.76,89,
